Accepted,Algorithm,Best Fitness,Best Found At Evaluation,Best Solution ID,Candidate Type,Current Fitness,Current Fitness Before,Current Solution ID After,Current Solution ID Before,Dataset,Evaluation,Experiment Name,Final Percentage,Fitness,Hamming Distance,Improved Best,Initial Percentage,Model,Neighbor Swaps,Requested Keep Percentage,Run ID,Search Seed,Selected Instances,Solution ID,Split Seed,Target Metric,Training Seed,accuracy,best_epoch,best_validation_loss,candidate_duration_seconds,epochs_trained,evaluation_loss,evaluation_split,f1,precision,recall,training_seed
True,LS,0.9738333333333333,1,1,initial,0.9738333333333333,,1,,MNIST,1,prelim_features_mnist_efficientnetv2_LS_kp90,0.9,0.9738333333333333,0,True,0.9,efficientnetv2,0,0.9,MNIST_efficientnetv2_LS_accuracy_kp9000_seed789,789,43200,1,42,accuracy,100789,0.9738333333333333,10,0.08603496048537393,34.52260302007198,10,0.08603496048537393,valid,0.9733826335737199,0.9735259980318698,0.9733275657888999,100789
False,LS,0.9738333333333333,1,1,neighbor,0.9738333333333333,0.9738333333333333,1,1,MNIST,2,prelim_features_mnist_efficientnetv2_LS_kp90,0.9,0.9724166666666667,20,False,0.9,efficientnetv2,10,0.9,MNIST_efficientnetv2_LS_accuracy_kp9000_seed789,789,43200,2,42,accuracy,100789,0.9724166666666667,10,0.08781249485133837,34.514423025771976,10,0.08781249485133837,valid,0.9719874342362254,0.9722455644417215,0.9718686794537895,100789
False,LS,0.9738333333333333,1,1,neighbor,0.9738333333333333,0.9738333333333333,1,1,MNIST,3,prelim_features_mnist_efficientnetv2_LS_kp90,0.9,0.9733333333333334,20,False,0.9,efficientnetv2,10,0.9,MNIST_efficientnetv2_LS_accuracy_kp9000_seed789,789,43200,3,42,accuracy,100789,0.9733333333333334,8,0.08910452639311552,34.53292893990874,10,0.08910452639311552,valid,0.97291016280734,0.9728849146828236,0.973002374136534,100789
True,LS,0.9751666666666666,4,4,neighbor,0.9751666666666666,0.9738333333333333,4,1,MNIST,4,prelim_features_mnist_efficientnetv2_LS_kp90,0.9,0.9751666666666666,20,True,0.9,efficientnetv2,10,0.9,MNIST_efficientnetv2_LS_accuracy_kp9000_seed789,789,43200,4,42,accuracy,100789,0.9751666666666666,10,0.08481755910130838,34.391516527161,10,0.08481755910130838,valid,0.9748338981290529,0.9748612921129574,0.9748340260635274,100789
False,LS,0.9751666666666666,4,4,neighbor,0.9751666666666666,0.9751666666666666,4,4,MNIST,5,prelim_features_mnist_efficientnetv2_LS_kp90,0.9,0.9725,20,False,0.9,efficientnetv2,10,0.9,MNIST_efficientnetv2_LS_accuracy_kp9000_seed789,789,43200,5,42,accuracy,100789,0.9725,10,0.08758629782001177,34.29557517915964,10,0.08758629782001177,valid,0.9721201711905627,0.9721538797613996,0.9721526647624421,100789
False,LS,0.9751666666666666,4,4,neighbor,0.9751666666666666,0.9751666666666666,4,4,MNIST,6,prelim_features_mnist_efficientnetv2_LS_kp90,0.9,0.9735,20,False,0.9,efficientnetv2,10,0.9,MNIST_efficientnetv2_LS_accuracy_kp9000_seed789,789,43200,6,42,accuracy,100789,0.9735,9,0.08817866709952553,34.610199281945825,10,0.08817866709952553,valid,0.9731263221352506,0.9732670861486697,0.973043996508971,100789
False,LS,0.9751666666666666,4,4,neighbor,0.9751666666666666,0.9751666666666666,4,4,MNIST,7,prelim_features_mnist_efficientnetv2_LS_kp90,0.9,0.972,20,False,0.9,efficientnetv2,10,0.9,MNIST_efficientnetv2_LS_accuracy_kp9000_seed789,789,43200,7,42,accuracy,100789,0.972,10,0.0890400854072844,34.43274228088558,10,0.0890400854072844,valid,0.9716047540993651,0.9718222833653029,0.9715048188424593,100789
False,LS,0.9751666666666666,4,4,neighbor,0.9751666666666666,0.9751666666666666,4,4,MNIST,8,prelim_features_mnist_efficientnetv2_LS_kp90,0.9,0.973,20,False,0.9,efficientnetv2,10,0.9,MNIST_efficientnetv2_LS_accuracy_kp9000_seed789,789,43200,8,42,accuracy,100789,0.973,10,0.0883768143200626,34.64923733100295,10,0.0883768143200626,valid,0.9726851596323799,0.9727995716770691,0.972712029286528,100789
False,LS,0.9751666666666666,4,4,neighbor,0.9751666666666666,0.9751666666666666,4,4,MNIST,9,prelim_features_mnist_efficientnetv2_LS_kp90,0.9,0.9739166666666667,20,False,0.9,efficientnetv2,10,0.9,MNIST_efficientnetv2_LS_accuracy_kp9000_seed789,789,43200,9,42,accuracy,100789,0.9739166666666667,9,0.08831857955331604,35.56190296821296,10,0.08831857955331604,valid,0.9735395259403706,0.9736332151966958,0.9735421218304307,100789
False,LS,0.9751666666666666,4,4,neighbor,0.9751666666666666,0.9751666666666666,4,4,MNIST,10,prelim_features_mnist_efficientnetv2_LS_kp90,0.9,0.9745833333333334,20,False,0.9,efficientnetv2,10,0.9,MNIST_efficientnetv2_LS_accuracy_kp9000_seed789,789,43200,10,42,accuracy,100789,0.9745833333333334,10,0.08431603384142121,35.36576307192445,10,0.08431603384142121,valid,0.9742074725540217,0.9742052359555734,0.9742345270030148,100789
False,LS,0.9751666666666666,4,4,neighbor,0.9751666666666666,0.9751666666666666,4,4,MNIST,11,prelim_features_mnist_efficientnetv2_LS_kp90,0.9,0.9734166666666667,20,False,0.9,efficientnetv2,10,0.9,MNIST_efficientnetv2_LS_accuracy_kp9000_seed789,789,43200,11,42,accuracy,100789,0.9734166666666667,10,0.08754258759195606,34.508831173181534,10,0.08754258759195606,valid,0.9729852617407195,0.9731946452723429,0.9728748022444321,100789
False,LS,0.9751666666666666,4,4,neighbor,0.9751666666666666,0.9751666666666666,4,4,MNIST,12,prelim_features_mnist_efficientnetv2_LS_kp90,0.9,0.975,20,False,0.9,efficientnetv2,10,0.9,MNIST_efficientnetv2_LS_accuracy_kp9000_seed789,789,43200,12,42,accuracy,100789,0.975,10,0.08399412201531231,34.55285457894206,10,0.08399412201531231,valid,0.9746540227899085,0.9745845202053933,0.9747486991886862,100789
False,LS,0.9751666666666666,4,4,neighbor,0.9751666666666666,0.9751666666666666,4,4,MNIST,13,prelim_features_mnist_efficientnetv2_LS_kp90,0.9,0.9735833333333334,20,False,0.9,efficientnetv2,10,0.9,MNIST_efficientnetv2_LS_accuracy_kp9000_seed789,789,43200,13,42,accuracy,100789,0.9735833333333334,10,0.08718532643591365,34.535110084339976,10,0.08718532643591365,valid,0.9731357233686282,0.9735068054370032,0.9729379639866824,100789
False,LS,0.9751666666666666,4,4,neighbor,0.9751666666666666,0.9751666666666666,4,4,MNIST,14,prelim_features_mnist_efficientnetv2_LS_kp90,0.9,0.9745,20,False,0.9,efficientnetv2,10,0.9,MNIST_efficientnetv2_LS_accuracy_kp9000_seed789,789,43200,14,42,accuracy,100789,0.9745,10,0.08661977291976412,34.36530450731516,10,0.08661977291976412,valid,0.9741593788261269,0.9744739748136443,0.9739796624120128,100789
False,LS,0.9751666666666666,4,4,neighbor,0.9751666666666666,0.9751666666666666,4,4,MNIST,15,prelim_features_mnist_efficientnetv2_LS_kp90,0.9,0.974,20,False,0.9,efficientnetv2,10,0.9,MNIST_efficientnetv2_LS_accuracy_kp9000_seed789,789,43200,15,42,accuracy,100789,0.974,10,0.08791744046844542,34.64133012667298,10,0.08791744046844542,valid,0.97368836255178,0.9737130066372902,0.973768272607451,100789
False,LS,0.9751666666666666,4,4,neighbor,0.9751666666666666,0.9751666666666666,4,4,MNIST,16,prelim_features_mnist_efficientnetv2_LS_kp90,0.9,0.9735,20,False,0.9,efficientnetv2,10,0.9,MNIST_efficientnetv2_LS_accuracy_kp9000_seed789,789,43200,16,42,accuracy,100789,0.9735,8,0.09135891164466739,34.33774924650788,10,0.09135891164466739,valid,0.9730528209579379,0.9730640861062563,0.9731482525724093,100789
False,LS,0.9751666666666666,4,4,neighbor,0.9751666666666666,0.9751666666666666,4,4,MNIST,17,prelim_features_mnist_efficientnetv2_LS_kp90,0.9,0.9735,20,False,0.9,efficientnetv2,10,0.9,MNIST_efficientnetv2_LS_accuracy_kp9000_seed789,789,43200,17,42,accuracy,100789,0.9735,10,0.08603505808177093,34.46958530321717,10,0.08603505808177093,valid,0.9731069495729197,0.9732899313116276,0.9729846976018324,100789
False,LS,0.9751666666666666,4,4,neighbor,0.9751666666666666,0.9751666666666666,4,4,MNIST,18,prelim_features_mnist_efficientnetv2_LS_kp90,0.9,0.9739166666666667,20,False,0.9,efficientnetv2,10,0.9,MNIST_efficientnetv2_LS_accuracy_kp9000_seed789,789,43200,18,42,accuracy,100789,0.9739166666666667,10,0.08529943898692727,34.39057496935129,10,0.08529943898692727,valid,0.9734972224166489,0.9735715640109979,0.973497492996651,100789
False,LS,0.9751666666666666,4,4,neighbor,0.9751666666666666,0.9751666666666666,4,4,MNIST,19,prelim_features_mnist_efficientnetv2_LS_kp90,0.9,0.97375,20,False,0.9,efficientnetv2,10,0.9,MNIST_efficientnetv2_LS_accuracy_kp9000_seed789,789,43200,19,42,accuracy,100789,0.97375,9,0.0875403869866083,34.55502038449049,10,0.0875403869866083,valid,0.9733489080226312,0.9733447277913492,0.9734192018212864,100789
False,LS,0.9751666666666666,4,4,neighbor,0.9751666666666666,0.9751666666666666,4,4,MNIST,20,prelim_features_mnist_efficientnetv2_LS_kp90,0.9,0.9730833333333333,20,False,0.9,efficientnetv2,10,0.9,MNIST_efficientnetv2_LS_accuracy_kp9000_seed789,789,43200,20,42,accuracy,100789,0.9730833333333333,10,0.08729782319782922,34.45911993086338,10,0.08729782319782922,valid,0.9727792310088688,0.9729004049574609,0.9727547501193066,100789
False,LS,0.9751666666666666,4,4,neighbor,0.9751666666666666,0.9751666666666666,4,4,MNIST,21,prelim_features_mnist_efficientnetv2_LS_kp90,0.9,0.974,20,False,0.9,efficientnetv2,10,0.9,MNIST_efficientnetv2_LS_accuracy_kp9000_seed789,789,43200,21,42,accuracy,100789,0.974,10,0.08606782070671519,34.56965840794146,10,0.08606782070671519,valid,0.9736680913744855,0.9736736073365708,0.973728166684826,100789
False,LS,0.9751666666666666,4,4,neighbor,0.9751666666666666,0.9751666666666666,4,4,MNIST,22,prelim_features_mnist_efficientnetv2_LS_kp90,0.9,0.9735833333333334,20,False,0.9,efficientnetv2,10,0.9,MNIST_efficientnetv2_LS_accuracy_kp9000_seed789,789,43200,22,42,accuracy,100789,0.9735833333333334,10,0.08604079786253473,34.465926168486476,10,0.08604079786253473,valid,0.9732137707520613,0.9732082948610875,0.9732653499795886,100789
False,LS,0.9751666666666666,4,4,neighbor,0.9751666666666666,0.9751666666666666,4,4,MNIST,23,prelim_features_mnist_efficientnetv2_LS_kp90,0.9,0.97375,20,False,0.9,efficientnetv2,10,0.9,MNIST_efficientnetv2_LS_accuracy_kp9000_seed789,789,43200,23,42,accuracy,100789,0.97375,10,0.08669538965914399,34.415320152416825,10,0.08669538965914399,valid,0.9734409136135509,0.9735401541176595,0.9734068988444188,100789
False,LS,0.9751666666666666,4,4,neighbor,0.9751666666666666,0.9751666666666666,4,4,MNIST,24,prelim_features_mnist_efficientnetv2_LS_kp90,0.9,0.9735833333333334,20,False,0.9,efficientnetv2,10,0.9,MNIST_efficientnetv2_LS_accuracy_kp9000_seed789,789,43200,24,42,accuracy,100789,0.9735833333333334,10,0.08623393361084163,34.706327360123396,10,0.08623393361084163,valid,0.9732012357983294,0.9732222357099684,0.9732774264429379,100789
False,LS,0.9751666666666666,4,4,neighbor,0.9751666666666666,0.9751666666666666,4,4,MNIST,25,prelim_features_mnist_efficientnetv2_LS_kp90,0.9,0.9731666666666666,20,False,0.9,efficientnetv2,10,0.9,MNIST_efficientnetv2_LS_accuracy_kp9000_seed789,789,43200,25,42,accuracy,100789,0.9731666666666666,9,0.08800460608117282,34.398763662204146,10,0.08800460608117282,valid,0.9727124255706681,0.9729360765943069,0.972587834829619,100789
False,LS,0.9751666666666666,4,4,neighbor,0.9751666666666666,0.9751666666666666,4,4,MNIST,26,prelim_features_mnist_efficientnetv2_LS_kp90,0.9,0.97375,20,False,0.9,efficientnetv2,10,0.9,MNIST_efficientnetv2_LS_accuracy_kp9000_seed789,789,43200,26,42,accuracy,100789,0.97375,10,0.08691317639996608,34.70552739314735,10,0.08691317639996608,valid,0.9733240424911467,0.9733911511367186,0.9733693977598629,100789
False,LS,0.9751666666666666,4,4,neighbor,0.9751666666666666,0.9751666666666666,4,4,MNIST,27,prelim_features_mnist_efficientnetv2_LS_kp90,0.9,0.9735,20,False,0.9,efficientnetv2,10,0.9,MNIST_efficientnetv2_LS_accuracy_kp9000_seed789,789,43200,27,42,accuracy,100789,0.9735,10,0.08613071238063276,34.37278555333614,10,0.08613071238063276,valid,0.9731117768128877,0.9730620800694096,0.9733000526770633,100789
False,LS,0.9751666666666666,4,4,neighbor,0.9751666666666666,0.9751666666666666,4,4,MNIST,28,prelim_features_mnist_efficientnetv2_LS_kp90,0.9,0.9743333333333334,20,False,0.9,efficientnetv2,10,0.9,MNIST_efficientnetv2_LS_accuracy_kp9000_seed789,789,43200,28,42,accuracy,100789,0.9743333333333334,10,0.08798757893343767,34.56398051045835,10,0.08798757893343767,valid,0.9740435536713156,0.9741215273102137,0.974079126260149,100789
False,LS,0.9751666666666666,4,4,neighbor,0.9751666666666666,0.9751666666666666,4,4,MNIST,29,prelim_features_mnist_efficientnetv2_LS_kp90,0.9,0.9718333333333333,20,False,0.9,efficientnetv2,10,0.9,MNIST_efficientnetv2_LS_accuracy_kp9000_seed789,789,43200,29,42,accuracy,100789,0.9718333333333333,10,0.08758537996249895,34.519350714981556,10,0.08758537996249895,valid,0.9714337678689556,0.9715332147455582,0.9714095949827672,100789
False,LS,0.9751666666666666,4,4,neighbor,0.9751666666666666,0.9751666666666666,4,4,MNIST,30,prelim_features_mnist_efficientnetv2_LS_kp90,0.9,0.974,20,False,0.9,efficientnetv2,10,0.9,MNIST_efficientnetv2_LS_accuracy_kp9000_seed789,789,43200,30,42,accuracy,100789,0.974,10,0.08542527659827222,34.69172635115683,10,0.08542527659827222,valid,0.9736429233076358,0.9736717401451186,0.9736679691453374,100789
False,LS,0.9751666666666666,4,4,neighbor,0.9751666666666666,0.9751666666666666,4,4,MNIST,31,prelim_features_mnist_efficientnetv2_LS_kp90,0.9,0.97425,20,False,0.9,efficientnetv2,10,0.9,MNIST_efficientnetv2_LS_accuracy_kp9000_seed789,789,43200,31,42,accuracy,100789,0.97425,10,0.08478396060628196,34.58736911043525,10,0.08478396060628196,valid,0.973865065125367,0.9739965638788499,0.9737952064244606,100789
False,LS,0.9751666666666666,4,4,neighbor,0.9751666666666666,0.9751666666666666,4,4,MNIST,32,prelim_features_mnist_efficientnetv2_LS_kp90,0.9,0.9744166666666667,20,False,0.9,efficientnetv2,10,0.9,MNIST_efficientnetv2_LS_accuracy_kp9000_seed789,789,43200,32,42,accuracy,100789,0.9744166666666667,9,0.08645752289580802,34.620686542242765,10,0.08645752289580802,valid,0.9740836228920984,0.9740864648282791,0.974134333001499,100789
False,LS,0.9751666666666666,4,4,neighbor,0.9751666666666666,0.9751666666666666,4,4,MNIST,33,prelim_features_mnist_efficientnetv2_LS_kp90,0.9,0.9735833333333334,20,False,0.9,efficientnetv2,10,0.9,MNIST_efficientnetv2_LS_accuracy_kp9000_seed789,789,43200,33,42,accuracy,100789,0.9735833333333334,10,0.08588139947565894,34.562616186216474,10,0.08588139947565894,valid,0.9731961039547308,0.973364270649044,0.9730837200504663,100789
False,LS,0.9751666666666666,4,4,neighbor,0.9751666666666666,0.9751666666666666,4,4,MNIST,34,prelim_features_mnist_efficientnetv2_LS_kp90,0.9,0.9733333333333334,20,False,0.9,efficientnetv2,10,0.9,MNIST_efficientnetv2_LS_accuracy_kp9000_seed789,789,43200,34,42,accuracy,100789,0.9733333333333334,10,0.08552810728860398,34.47937581501901,10,0.08552810728860398,valid,0.9729461974057774,0.9728985547872281,0.9731123883570243,100789
False,LS,0.9751666666666666,4,4,neighbor,0.9751666666666666,0.9751666666666666,4,4,MNIST,35,prelim_features_mnist_efficientnetv2_LS_kp90,0.9,0.9734166666666667,20,False,0.9,efficientnetv2,10,0.9,MNIST_efficientnetv2_LS_accuracy_kp9000_seed789,789,43200,35,42,accuracy,100789,0.9734166666666667,9,0.08800308889957766,34.700290389359,10,0.08800308889957766,valid,0.9730168366459694,0.9730777719567698,0.9730370611943717,100789
False,LS,0.9751666666666666,4,4,neighbor,0.9751666666666666,0.9751666666666666,4,4,MNIST,36,prelim_features_mnist_efficientnetv2_LS_kp90,0.9,0.9740833333333333,20,False,0.9,efficientnetv2,10,0.9,MNIST_efficientnetv2_LS_accuracy_kp9000_seed789,789,43200,36,42,accuracy,100789,0.9740833333333333,10,0.08725550386806329,34.37091710604727,10,0.08725550386806329,valid,0.9737824381475513,0.9739268698511415,0.9737298122592863,100789
False,LS,0.9751666666666666,4,4,neighbor,0.9751666666666666,0.9751666666666666,4,4,MNIST,37,prelim_features_mnist_efficientnetv2_LS_kp90,0.9,0.973,20,False,0.9,efficientnetv2,10,0.9,MNIST_efficientnetv2_LS_accuracy_kp9000_seed789,789,43200,37,42,accuracy,100789,0.973,10,0.0870845125609388,34.5596621055156,10,0.0870845125609388,valid,0.9725488556092726,0.9725322001531976,0.9727516954957827,100789
False,LS,0.9751666666666666,4,4,neighbor,0.9751666666666666,0.9751666666666666,4,4,MNIST,38,prelim_features_mnist_efficientnetv2_LS_kp90,0.9,0.97375,20,False,0.9,efficientnetv2,10,0.9,MNIST_efficientnetv2_LS_accuracy_kp9000_seed789,789,43200,38,42,accuracy,100789,0.97375,10,0.08554699303706487,34.29380076378584,10,0.08554699303706487,valid,0.973387775692621,0.9733715446760771,0.9734471447258006,100789
False,LS,0.9751666666666666,4,4,neighbor,0.9751666666666666,0.9751666666666666,4,4,MNIST,39,prelim_features_mnist_efficientnetv2_LS_kp90,0.9,0.97325,20,False,0.9,efficientnetv2,10,0.9,MNIST_efficientnetv2_LS_accuracy_kp9000_seed789,789,43200,39,42,accuracy,100789,0.97325,10,0.0884799274848774,34.569636296480894,10,0.0884799274848774,valid,0.9728951530420357,0.9729063976715805,0.9730055429224562,100789
False,LS,0.9751666666666666,4,4,neighbor,0.9751666666666666,0.9751666666666666,4,4,MNIST,40,prelim_features_mnist_efficientnetv2_LS_kp90,0.9,0.9743333333333334,20,False,0.9,efficientnetv2,10,0.9,MNIST_efficientnetv2_LS_accuracy_kp9000_seed789,789,43200,40,42,accuracy,100789,0.9743333333333334,10,0.08675702489167451,34.355420503765345,10,0.08675702489167451,valid,0.9740216489841493,0.9741882118542513,0.9739782066024789,100789
False,LS,0.9751666666666666,4,4,neighbor,0.9751666666666666,0.9751666666666666,4,4,MNIST,41,prelim_features_mnist_efficientnetv2_LS_kp90,0.9,0.9743333333333334,20,False,0.9,efficientnetv2,10,0.9,MNIST_efficientnetv2_LS_accuracy_kp9000_seed789,789,43200,41,42,accuracy,100789,0.9743333333333334,9,0.08835348088604708,34.69976132363081,10,0.08835348088604708,valid,0.9739804122007409,0.974010959584622,0.9740679095941319,100789
False,LS,0.9751666666666666,4,4,neighbor,0.9751666666666666,0.9751666666666666,4,4,MNIST,42,prelim_features_mnist_efficientnetv2_LS_kp90,0.9,0.9736666666666667,20,False,0.9,efficientnetv2,10,0.9,MNIST_efficientnetv2_LS_accuracy_kp9000_seed789,789,43200,42,42,accuracy,100789,0.9736666666666667,10,0.08560349562453727,34.438659485429525,10,0.08560349562453727,valid,0.9733050549354006,0.9732446561691624,0.973487022089861,100789
False,LS,0.9751666666666666,4,4,neighbor,0.9751666666666666,0.9751666666666666,4,4,MNIST,43,prelim_features_mnist_efficientnetv2_LS_kp90,0.9,0.974,20,False,0.9,efficientnetv2,10,0.9,MNIST_efficientnetv2_LS_accuracy_kp9000_seed789,789,43200,43,42,accuracy,100789,0.974,9,0.08746673199720681,34.510644095018506,10,0.08746673199720681,valid,0.9735807066592462,0.9736054051388651,0.973634456294902,100789
False,LS,0.9751666666666666,4,4,neighbor,0.9751666666666666,0.9751666666666666,4,4,MNIST,44,prelim_features_mnist_efficientnetv2_LS_kp90,0.9,0.9725833333333334,20,False,0.9,efficientnetv2,10,0.9,MNIST_efficientnetv2_LS_accuracy_kp9000_seed789,789,43200,44,42,accuracy,100789,0.9725833333333334,9,0.0894958557933569,34.36728348955512,10,0.0894958557933569,valid,0.9722251627354177,0.9722884893926796,0.9722380381059169,100789
False,LS,0.9751666666666666,4,4,neighbor,0.9751666666666666,0.9751666666666666,4,4,MNIST,45,prelim_features_mnist_efficientnetv2_LS_kp90,0.9,0.9728333333333333,20,False,0.9,efficientnetv2,10,0.9,MNIST_efficientnetv2_LS_accuracy_kp9000_seed789,789,43200,45,42,accuracy,100789,0.9728333333333333,10,0.08810834167649348,34.72222953103483,10,0.08810834167649348,valid,0.9724724036825322,0.9724942114744625,0.9726502196461247,100789
False,LS,0.9751666666666666,4,4,neighbor,0.9751666666666666,0.9751666666666666,4,4,MNIST,46,prelim_features_mnist_efficientnetv2_LS_kp90,0.9,0.9720833333333333,20,False,0.9,efficientnetv2,10,0.9,MNIST_efficientnetv2_LS_accuracy_kp9000_seed789,789,43200,46,42,accuracy,100789,0.9720833333333333,9,0.08986997025646269,34.57736597955227,10,0.08986997025646269,valid,0.9716285597028517,0.9716531715471828,0.9718884329555054,100789
False,LS,0.9751666666666666,4,4,neighbor,0.9751666666666666,0.9751666666666666,4,4,MNIST,47,prelim_features_mnist_efficientnetv2_LS_kp90,0.9,0.9730833333333333,20,False,0.9,efficientnetv2,10,0.9,MNIST_efficientnetv2_LS_accuracy_kp9000_seed789,789,43200,47,42,accuracy,100789,0.9730833333333333,10,0.08573593200370669,34.55528813973069,10,0.08573593200370669,valid,0.972681569731088,0.9727421023458213,0.9727459866804289,100789
False,LS,0.9751666666666666,4,4,neighbor,0.9751666666666666,0.9751666666666666,4,4,MNIST,48,prelim_features_mnist_efficientnetv2_LS_kp90,0.9,0.97275,20,False,0.9,efficientnetv2,10,0.9,MNIST_efficientnetv2_LS_accuracy_kp9000_seed789,789,43200,48,42,accuracy,100789,0.97275,10,0.0867629497187833,34.45479200780392,10,0.0867629497187833,valid,0.9723100008144557,0.9724076808973423,0.9723036904941159,100789
False,LS,0.9751666666666666,4,4,neighbor,0.9751666666666666,0.9751666666666666,4,4,MNIST,49,prelim_features_mnist_efficientnetv2_LS_kp90,0.9,0.97325,20,False,0.9,efficientnetv2,10,0.9,MNIST_efficientnetv2_LS_accuracy_kp9000_seed789,789,43200,49,42,accuracy,100789,0.97325,10,0.08819604352364938,34.62962815538049,10,0.08819604352364938,valid,0.9728253405022178,0.9729977140859137,0.9727937547331862,100789
False,LS,0.9751666666666666,4,4,neighbor,0.9751666666666666,0.9751666666666666,4,4,MNIST,50,prelim_features_mnist_efficientnetv2_LS_kp90,0.9,0.9735,20,False,0.9,efficientnetv2,10,0.9,MNIST_efficientnetv2_LS_accuracy_kp9000_seed789,789,43200,50,42,accuracy,100789,0.9735,10,0.08571963055742284,34.412898786365986,10,0.08571963055742284,valid,0.9731153296446596,0.9732440118143236,0.9730431191954902,100789
True,LS,0.97525,51,51,neighbor,0.97525,0.9751666666666666,51,4,MNIST,51,prelim_features_mnist_efficientnetv2_LS_kp90,0.9,0.97525,20,True,0.9,efficientnetv2,10,0.9,MNIST_efficientnetv2_LS_accuracy_kp9000_seed789,789,43200,51,42,accuracy,100789,0.97525,10,0.08520217369993528,34.68971247226,10,0.08520217369993528,valid,0.9749021201530972,0.9749239327674271,0.974910232499805,100789
False,LS,0.97525,51,51,neighbor,0.97525,0.97525,51,51,MNIST,52,prelim_features_mnist_efficientnetv2_LS_kp90,0.9,0.974,20,False,0.9,efficientnetv2,10,0.9,MNIST_efficientnetv2_LS_accuracy_kp9000_seed789,789,43200,52,42,accuracy,100789,0.974,9,0.0869231943997244,34.51922599412501,10,0.0869231943997244,valid,0.9736148642633973,0.9736238040184239,0.9736713381973765,100789
False,LS,0.97525,51,51,neighbor,0.97525,0.97525,51,51,MNIST,53,prelim_features_mnist_efficientnetv2_LS_kp90,0.9,0.9736666666666667,20,False,0.9,efficientnetv2,10,0.9,MNIST_efficientnetv2_LS_accuracy_kp9000_seed789,789,43200,53,42,accuracy,100789,0.9736666666666667,9,0.08782058193596701,34.626540537923574,10,0.08782058193596701,valid,0.9732661041875398,0.9734739516522716,0.973141130486351,100789
False,LS,0.97525,51,51,neighbor,0.97525,0.97525,51,51,MNIST,54,prelim_features_mnist_efficientnetv2_LS_kp90,0.9,0.9736666666666667,20,False,0.9,efficientnetv2,10,0.9,MNIST_efficientnetv2_LS_accuracy_kp9000_seed789,789,43200,54,42,accuracy,100789,0.9736666666666667,10,0.08517728815848628,34.51611336506903,10,0.08517728815848628,valid,0.9732444196427638,0.973191738304051,0.9733804867611692,100789
False,LS,0.97525,51,51,neighbor,0.97525,0.97525,51,51,MNIST,55,prelim_features_mnist_efficientnetv2_LS_kp90,0.9,0.9745,20,False,0.9,efficientnetv2,10,0.9,MNIST_efficientnetv2_LS_accuracy_kp9000_seed789,789,43200,55,42,accuracy,100789,0.9745,9,0.08694825844839216,34.69220378622413,10,0.08694825844839216,valid,0.9741371920582875,0.9741411580731378,0.974195594648962,100789
False,LS,0.97525,51,51,neighbor,0.97525,0.97525,51,51,MNIST,56,prelim_features_mnist_efficientnetv2_LS_kp90,0.9,0.9735,20,False,0.9,efficientnetv2,10,0.9,MNIST_efficientnetv2_LS_accuracy_kp9000_seed789,789,43200,56,42,accuracy,100789,0.9735,10,0.08634490475431085,34.42598247155547,10,0.08634490475431085,valid,0.9731026611036263,0.9730481310647189,0.9733078792866199,100789
False,LS,0.97525,51,51,neighbor,0.97525,0.97525,51,51,MNIST,57,prelim_features_mnist_efficientnetv2_LS_kp90,0.9,0.9733333333333334,20,False,0.9,efficientnetv2,10,0.9,MNIST_efficientnetv2_LS_accuracy_kp9000_seed789,789,43200,57,42,accuracy,100789,0.9733333333333334,10,0.0877369443612794,34.648301526904106,10,0.0877369443612794,valid,0.972870496557503,0.972980427522294,0.9729574671799208,100789
False,LS,0.97525,51,51,neighbor,0.97525,0.97525,51,51,MNIST,58,prelim_features_mnist_efficientnetv2_LS_kp90,0.9,0.9741666666666666,20,False,0.9,efficientnetv2,10,0.9,MNIST_efficientnetv2_LS_accuracy_kp9000_seed789,789,43200,58,42,accuracy,100789,0.9741666666666666,10,0.08621655972053607,34.58482732437551,10,0.08621655972053607,valid,0.9738383129670058,0.9738810659991071,0.9738599267334477,100789
False,LS,0.97525,51,51,neighbor,0.97525,0.97525,51,51,MNIST,59,prelim_features_mnist_efficientnetv2_LS_kp90,0.9,0.97325,20,False,0.9,efficientnetv2,10,0.9,MNIST_efficientnetv2_LS_accuracy_kp9000_seed789,789,43200,59,42,accuracy,100789,0.97325,9,0.08951099505772193,34.590055610984564,10,0.08951099505772193,valid,0.9727971580905017,0.9728747297592262,0.9729700189832394,100789
False,LS,0.97525,51,51,neighbor,0.97525,0.97525,51,51,MNIST,60,prelim_features_mnist_efficientnetv2_LS_kp90,0.9,0.9735833333333334,20,False,0.9,efficientnetv2,10,0.9,MNIST_efficientnetv2_LS_accuracy_kp9000_seed789,789,43200,60,42,accuracy,100789,0.9735833333333334,10,0.08939502435239653,34.60161618888378,10,0.08939502435239653,valid,0.9731808180279351,0.9732719693885062,0.9733217339750369,100789
False,LS,0.97525,51,51,neighbor,0.97525,0.97525,51,51,MNIST,61,prelim_features_mnist_efficientnetv2_LS_kp90,0.9,0.9735,20,False,0.9,efficientnetv2,10,0.9,MNIST_efficientnetv2_LS_accuracy_kp9000_seed789,789,43200,61,42,accuracy,100789,0.9735,10,0.08714265466295183,34.559564150869846,10,0.08714265466295183,valid,0.9730478331424678,0.9730530180342104,0.9732812034478846,100789
False,LS,0.97525,51,51,neighbor,0.97525,0.97525,51,51,MNIST,62,prelim_features_mnist_efficientnetv2_LS_kp90,0.9,0.9733333333333334,20,False,0.9,efficientnetv2,10,0.9,MNIST_efficientnetv2_LS_accuracy_kp9000_seed789,789,43200,62,42,accuracy,100789,0.9733333333333334,10,0.08476609824970364,34.60281851142645,10,0.08476609824970364,valid,0.9729025197110271,0.9729415568190616,0.9729585822159542,100789
False,LS,0.97525,51,51,neighbor,0.97525,0.97525,51,51,MNIST,63,prelim_features_mnist_efficientnetv2_LS_kp90,0.9,0.9739166666666667,20,False,0.9,efficientnetv2,10,0.9,MNIST_efficientnetv2_LS_accuracy_kp9000_seed789,789,43200,63,42,accuracy,100789,0.9739166666666667,10,0.08642477221786976,34.582805966958404,10,0.08642477221786976,valid,0.9735098445126447,0.9736722247879971,0.9734153072596474,100789
False,LS,0.97525,51,51,neighbor,0.97525,0.97525,51,51,MNIST,64,prelim_features_mnist_efficientnetv2_LS_kp90,0.9,0.974,20,False,0.9,efficientnetv2,10,0.9,MNIST_efficientnetv2_LS_accuracy_kp9000_seed789,789,43200,64,42,accuracy,100789,0.974,9,0.08817283402817945,34.46758063137531,10,0.08817283402817945,valid,0.9736755615251702,0.9737312308072665,0.9737190579699412,100789
False,LS,0.97525,51,51,neighbor,0.97525,0.97525,51,51,MNIST,65,prelim_features_mnist_efficientnetv2_LS_kp90,0.9,0.9730833333333333,20,False,0.9,efficientnetv2,10,0.9,MNIST_efficientnetv2_LS_accuracy_kp9000_seed789,789,43200,65,42,accuracy,100789,0.9730833333333333,10,0.08795907022245228,34.64605548046529,10,0.08795907022245228,valid,0.9727687020030759,0.972963571673842,0.9726758790362989,100789
False,LS,0.97525,51,51,neighbor,0.97525,0.97525,51,51,MNIST,66,prelim_features_mnist_efficientnetv2_LS_kp90,0.9,0.9738333333333333,20,False,0.9,efficientnetv2,10,0.9,MNIST_efficientnetv2_LS_accuracy_kp9000_seed789,789,43200,66,42,accuracy,100789,0.9738333333333333,10,0.08618707443525393,34.67701624147594,10,0.08618707443525393,valid,0.9734105469605094,0.973368414533472,0.9734996746168644,100789
False,LS,0.97525,51,51,neighbor,0.97525,0.97525,51,51,MNIST,67,prelim_features_mnist_efficientnetv2_LS_kp90,0.9,0.97225,20,False,0.9,efficientnetv2,10,0.9,MNIST_efficientnetv2_LS_accuracy_kp9000_seed789,789,43200,67,42,accuracy,100789,0.97225,10,0.08761379595721762,34.63688385486603,10,0.08761379595721762,valid,0.9718014768057746,0.9718548248282775,0.9719743016203013,100789
False,LS,0.97525,51,51,neighbor,0.97525,0.97525,51,51,MNIST,68,prelim_features_mnist_efficientnetv2_LS_kp90,0.9,0.9746666666666667,20,False,0.9,efficientnetv2,10,0.9,MNIST_efficientnetv2_LS_accuracy_kp9000_seed789,789,43200,68,42,accuracy,100789,0.9746666666666667,9,0.08668514523096382,34.45449016056955,10,0.08668514523096382,valid,0.9742763742627334,0.9743667211551654,0.9742439862476575,100789
False,LS,0.97525,51,51,neighbor,0.97525,0.97525,51,51,MNIST,69,prelim_features_mnist_efficientnetv2_LS_kp90,0.9,0.97325,20,False,0.9,efficientnetv2,10,0.9,MNIST_efficientnetv2_LS_accuracy_kp9000_seed789,789,43200,69,42,accuracy,100789,0.97325,10,0.08652159234074255,34.52272864244878,10,0.08652159234074255,valid,0.9728389759632812,0.9729239949806654,0.9728249837748116,100789
False,LS,0.97525,51,51,neighbor,0.97525,0.97525,51,51,MNIST,70,prelim_features_mnist_efficientnetv2_LS_kp90,0.9,0.9745,20,False,0.9,efficientnetv2,10,0.9,MNIST_efficientnetv2_LS_accuracy_kp9000_seed789,789,43200,70,42,accuracy,100789,0.9745,10,0.08426375149935483,34.491359919309616,10,0.08426375149935483,valid,0.9740778144754199,0.9740277121646509,0.9741838331098978,100789
False,LS,0.97525,51,51,neighbor,0.97525,0.97525,51,51,MNIST,71,prelim_features_mnist_efficientnetv2_LS_kp90,0.9,0.9738333333333333,20,False,0.9,efficientnetv2,10,0.9,MNIST_efficientnetv2_LS_accuracy_kp9000_seed789,789,43200,71,42,accuracy,100789,0.9738333333333333,10,0.08540000973579784,34.457383662462234,10,0.08540000973579784,valid,0.9734265143184375,0.973520833167813,0.9733692681064555,100789
False,LS,0.97525,51,51,neighbor,0.97525,0.97525,51,51,MNIST,72,prelim_features_mnist_efficientnetv2_LS_kp90,0.9,0.9735,20,False,0.9,efficientnetv2,10,0.9,MNIST_efficientnetv2_LS_accuracy_kp9000_seed789,789,43200,72,42,accuracy,100789,0.9735,10,0.08717014534243693,34.67688048817217,10,0.08717014534243693,valid,0.9731606834461328,0.9733742328738344,0.9730341220294461,100789
False,LS,0.97525,51,51,neighbor,0.97525,0.97525,51,51,MNIST,73,prelim_features_mnist_efficientnetv2_LS_kp90,0.9,0.9734166666666667,20,False,0.9,efficientnetv2,10,0.9,MNIST_efficientnetv2_LS_accuracy_kp9000_seed789,789,43200,73,42,accuracy,100789,0.9734166666666667,10,0.0907505685032035,34.35165725834668,10,0.0907505685032035,valid,0.9730843822077748,0.9732646779111128,0.9730375301404424,100789
False,LS,0.97525,51,51,neighbor,0.97525,0.97525,51,51,MNIST,74,prelim_features_mnist_efficientnetv2_LS_kp90,0.9,0.97375,20,False,0.9,efficientnetv2,10,0.9,MNIST_efficientnetv2_LS_accuracy_kp9000_seed789,789,43200,74,42,accuracy,100789,0.97375,10,0.08609906078750888,34.48238565772772,10,0.08609906078750888,valid,0.9733949480907924,0.9732869932182245,0.9735480753651526,100789
False,LS,0.97525,51,51,neighbor,0.97525,0.97525,51,51,MNIST,75,prelim_features_mnist_efficientnetv2_LS_kp90,0.9,0.974,20,False,0.9,efficientnetv2,10,0.9,MNIST_efficientnetv2_LS_accuracy_kp9000_seed789,789,43200,75,42,accuracy,100789,0.974,10,0.08689807683229446,34.419254556298256,10,0.08689807683229446,valid,0.9736428701694397,0.9737321123853306,0.9736677646009253,100789
False,LS,0.97525,51,51,neighbor,0.97525,0.97525,51,51,MNIST,76,prelim_features_mnist_efficientnetv2_LS_kp90,0.9,0.9735833333333334,20,False,0.9,efficientnetv2,10,0.9,MNIST_efficientnetv2_LS_accuracy_kp9000_seed789,789,43200,76,42,accuracy,100789,0.9735833333333334,9,0.08822022123572727,34.813751593232155,10,0.08822022123572727,valid,0.9731787988563394,0.9732631676726825,0.973217198896261,100789
False,LS,0.97525,51,51,neighbor,0.97525,0.97525,51,51,MNIST,77,prelim_features_mnist_efficientnetv2_LS_kp90,0.9,0.9745,20,False,0.9,efficientnetv2,10,0.9,MNIST_efficientnetv2_LS_accuracy_kp9000_seed789,789,43200,77,42,accuracy,100789,0.9745,10,0.0862721188639601,34.48137807846069,10,0.0862721188639601,valid,0.974066257291153,0.9742255750106066,0.9739971494733662,100789
False,LS,0.97525,51,51,neighbor,0.97525,0.97525,51,51,MNIST,78,prelim_features_mnist_efficientnetv2_LS_kp90,0.9,0.9745833333333334,20,False,0.9,efficientnetv2,10,0.9,MNIST_efficientnetv2_LS_accuracy_kp9000_seed789,789,43200,78,42,accuracy,100789,0.9745833333333334,10,0.08371660036531588,34.796531677246094,10,0.08371660036531588,valid,0.9741949831352855,0.9741246611068703,0.9743032486727502,100789
False,LS,0.97525,51,51,neighbor,0.97525,0.97525,51,51,MNIST,79,prelim_features_mnist_efficientnetv2_LS_kp90,0.9,0.97425,20,False,0.9,efficientnetv2,10,0.9,MNIST_efficientnetv2_LS_accuracy_kp9000_seed789,789,43200,79,42,accuracy,100789,0.97425,10,0.08553129762038589,34.54124958254397,10,0.08553129762038589,valid,0.9738092577267871,0.9738456060208829,0.9739228440115522,100789
False,LS,0.97525,51,51,neighbor,0.97525,0.97525,51,51,MNIST,80,prelim_features_mnist_efficientnetv2_LS_kp90,0.9,0.9743333333333334,20,False,0.9,efficientnetv2,10,0.9,MNIST_efficientnetv2_LS_accuracy_kp9000_seed789,789,43200,80,42,accuracy,100789,0.9743333333333334,10,0.08596653534906606,35.675137689337134,10,0.08596653534906606,valid,0.9739113974164987,0.973963209223261,0.9739448321170514,100789
False,LS,0.97525,51,51,neighbor,0.97525,0.97525,51,51,MNIST,81,prelim_features_mnist_efficientnetv2_LS_kp90,0.9,0.97425,20,False,0.9,efficientnetv2,10,0.9,MNIST_efficientnetv2_LS_accuracy_kp9000_seed789,789,43200,81,42,accuracy,100789,0.97425,10,0.08631189528293907,35.39616380631924,10,0.08631189528293907,valid,0.9738670034373629,0.9738037024229497,0.9740298603711652,100789
False,LS,0.97525,51,51,neighbor,0.97525,0.97525,51,51,MNIST,82,prelim_features_mnist_efficientnetv2_LS_kp90,0.9,0.9736666666666667,20,False,0.9,efficientnetv2,10,0.9,MNIST_efficientnetv2_LS_accuracy_kp9000_seed789,789,43200,82,42,accuracy,100789,0.9736666666666667,10,0.08674787122694154,35.06455108337104,10,0.08674787122694154,valid,0.9732566146388699,0.9733762675978042,0.9731894438380939,100789
False,LS,0.97525,51,51,neighbor,0.97525,0.97525,51,51,MNIST,83,prelim_features_mnist_efficientnetv2_LS_kp90,0.9,0.9739166666666667,20,False,0.9,efficientnetv2,10,0.9,MNIST_efficientnetv2_LS_accuracy_kp9000_seed789,789,43200,83,42,accuracy,100789,0.9739166666666667,10,0.08757324357206622,34.41582647152245,10,0.08757324357206622,valid,0.9734539804731546,0.9735284916812941,0.9735239101535326,100789
False,LS,0.97525,51,51,neighbor,0.97525,0.97525,51,51,MNIST,84,prelim_features_mnist_efficientnetv2_LS_kp90,0.9,0.9725833333333334,20,False,0.9,efficientnetv2,10,0.9,MNIST_efficientnetv2_LS_accuracy_kp9000_seed789,789,43200,84,42,accuracy,100789,0.9725833333333334,10,0.08760859342602392,34.71548279374838,10,0.08760859342602392,valid,0.972119449615312,0.9722790762360486,0.9720870856864883,100789
False,LS,0.97525,51,51,neighbor,0.97525,0.97525,51,51,MNIST,85,prelim_features_mnist_efficientnetv2_LS_kp90,0.9,0.9731666666666666,20,False,0.9,efficientnetv2,10,0.9,MNIST_efficientnetv2_LS_accuracy_kp9000_seed789,789,43200,85,42,accuracy,100789,0.9731666666666666,10,0.08694332079899808,34.64940142072737,10,0.08694332079899808,valid,0.9727161332985496,0.9729287210697324,0.9726136353193378,100789
False,LS,0.97525,51,51,neighbor,0.97525,0.97525,51,51,MNIST,86,prelim_features_mnist_efficientnetv2_LS_kp90,0.9,0.9744166666666667,20,False,0.9,efficientnetv2,10,0.9,MNIST_efficientnetv2_LS_accuracy_kp9000_seed789,789,43200,86,42,accuracy,100789,0.9744166666666667,9,0.08756401569520433,34.69997666403651,10,0.08756401569520433,valid,0.9740500418184436,0.9739804444853897,0.9742077203133501,100789
False,LS,0.97525,51,51,neighbor,0.97525,0.97525,51,51,MNIST,87,prelim_features_mnist_efficientnetv2_LS_kp90,0.9,0.9735,20,False,0.9,efficientnetv2,10,0.9,MNIST_efficientnetv2_LS_accuracy_kp9000_seed789,789,43200,87,42,accuracy,100789,0.9735,9,0.08803014510124922,34.61674095131457,10,0.08803014510124922,valid,0.9731086704077384,0.9730995054808886,0.9732026663289837,100789
False,LS,0.97525,51,51,neighbor,0.97525,0.97525,51,51,MNIST,88,prelim_features_mnist_efficientnetv2_LS_kp90,0.9,0.974,20,False,0.9,efficientnetv2,10,0.9,MNIST_efficientnetv2_LS_accuracy_kp9000_seed789,789,43200,88,42,accuracy,100789,0.974,10,0.08706352545320988,34.61869568936527,10,0.08706352545320988,valid,0.9735895431158885,0.9737390853195119,0.9735242144657665,100789
False,LS,0.97525,51,51,neighbor,0.97525,0.97525,51,51,MNIST,89,prelim_features_mnist_efficientnetv2_LS_kp90,0.9,0.97425,20,False,0.9,efficientnetv2,10,0.9,MNIST_efficientnetv2_LS_accuracy_kp9000_seed789,789,43200,89,42,accuracy,100789,0.97425,9,0.08663654213460784,34.49563907645643,10,0.08663654213460784,valid,0.9738300638484919,0.9738313264595744,0.9739087298487421,100789
False,LS,0.97525,51,51,neighbor,0.97525,0.97525,51,51,MNIST,90,prelim_features_mnist_efficientnetv2_LS_kp90,0.9,0.9733333333333334,20,False,0.9,efficientnetv2,10,0.9,MNIST_efficientnetv2_LS_accuracy_kp9000_seed789,789,43200,90,42,accuracy,100789,0.9733333333333334,10,0.08577518539006511,34.59122149273753,10,0.08577518539006511,valid,0.9729169263919909,0.9730506804125041,0.9728494418956837,100789
False,LS,0.97525,51,51,neighbor,0.97525,0.97525,51,51,MNIST,91,prelim_features_mnist_efficientnetv2_LS_kp90,0.9,0.9749166666666667,20,False,0.9,efficientnetv2,10,0.9,MNIST_efficientnetv2_LS_accuracy_kp9000_seed789,789,43200,91,42,accuracy,100789,0.9749166666666667,10,0.08551177149328093,34.557099383324385,10,0.08551177149328093,valid,0.974560481092784,0.9745218835150116,0.9746282262698038,100789
False,LS,0.97525,51,51,neighbor,0.97525,0.97525,51,51,MNIST,92,prelim_features_mnist_efficientnetv2_LS_kp90,0.9,0.9738333333333333,20,False,0.9,efficientnetv2,10,0.9,MNIST_efficientnetv2_LS_accuracy_kp9000_seed789,789,43200,92,42,accuracy,100789,0.9738333333333333,9,0.08735915091757973,34.64930954948068,10,0.08735915091757973,valid,0.9734480447958116,0.973504565246308,0.9734729968025443,100789
False,LS,0.97525,51,51,neighbor,0.97525,0.97525,51,51,MNIST,93,prelim_features_mnist_efficientnetv2_LS_kp90,0.9,0.9745,20,False,0.9,efficientnetv2,10,0.9,MNIST_efficientnetv2_LS_accuracy_kp9000_seed789,789,43200,93,42,accuracy,100789,0.9745,10,0.08632500518423815,34.466500451788306,10,0.08632500518423815,valid,0.9741706366928236,0.9742571997428623,0.97414052849509,100789
False,LS,0.97525,51,51,neighbor,0.97525,0.97525,51,51,MNIST,94,prelim_features_mnist_efficientnetv2_LS_kp90,0.9,0.9731666666666666,20,False,0.9,efficientnetv2,10,0.9,MNIST_efficientnetv2_LS_accuracy_kp9000_seed789,789,43200,94,42,accuracy,100789,0.9731666666666666,10,0.08618840002206464,34.66823703981936,10,0.08618840002206464,valid,0.9727126302197446,0.9727566668158032,0.9727732286851387,100789
False,LS,0.97525,51,51,neighbor,0.97525,0.97525,51,51,MNIST,95,prelim_features_mnist_efficientnetv2_LS_kp90,0.9,0.97425,20,False,0.9,efficientnetv2,10,0.9,MNIST_efficientnetv2_LS_accuracy_kp9000_seed789,789,43200,95,42,accuracy,100789,0.97425,10,0.08403629621056219,34.62695503979921,10,0.08403629621056219,valid,0.973863540517619,0.9738610719570785,0.9738960541920989,100789
False,LS,0.97525,51,51,neighbor,0.97525,0.97525,51,51,MNIST,96,prelim_features_mnist_efficientnetv2_LS_kp90,0.9,0.97275,20,False,0.9,efficientnetv2,10,0.9,MNIST_efficientnetv2_LS_accuracy_kp9000_seed789,789,43200,96,42,accuracy,100789,0.97275,10,0.08982836869545281,34.643039708957076,10,0.08982836869545281,valid,0.9722796905115108,0.9726901376385187,0.972089830020279,100789
False,LS,0.97525,51,51,neighbor,0.97525,0.97525,51,51,MNIST,97,prelim_features_mnist_efficientnetv2_LS_kp90,0.9,0.9724166666666667,20,False,0.9,efficientnetv2,10,0.9,MNIST_efficientnetv2_LS_accuracy_kp9000_seed789,789,43200,97,42,accuracy,100789,0.9724166666666667,10,0.08792231075031062,34.660489724949,10,0.08792231075031062,valid,0.9719866857299294,0.9719075758584881,0.9722400771404223,100789
False,LS,0.97525,51,51,neighbor,0.97525,0.97525,51,51,MNIST,98,prelim_features_mnist_efficientnetv2_LS_kp90,0.9,0.9743333333333334,20,False,0.9,efficientnetv2,10,0.9,MNIST_efficientnetv2_LS_accuracy_kp9000_seed789,789,43200,98,42,accuracy,100789,0.9743333333333334,10,0.08597590860476097,34.5152757242322,10,0.08597590860476097,valid,0.9739283864282455,0.9740255392054017,0.9739328910229522,100789
False,LS,0.97525,51,51,neighbor,0.97525,0.97525,51,51,MNIST,99,prelim_features_mnist_efficientnetv2_LS_kp90,0.9,0.9735,20,False,0.9,efficientnetv2,10,0.9,MNIST_efficientnetv2_LS_accuracy_kp9000_seed789,789,43200,99,42,accuracy,100789,0.9735,10,0.08908749839601417,34.50962869077921,10,0.08908749839601417,valid,0.9731923438776304,0.9735457802560055,0.9730525800894055,100789
False,LS,0.97525,51,51,neighbor,0.97525,0.97525,51,51,MNIST,100,prelim_features_mnist_efficientnetv2_LS_kp90,0.9,0.97225,20,False,0.9,efficientnetv2,10,0.9,MNIST_efficientnetv2_LS_accuracy_kp9000_seed789,789,43200,100,42,accuracy,100789,0.97225,10,0.08761816395074129,34.36035746708512,10,0.08761816395074129,valid,0.9718489499766025,0.9719242544113229,0.9718532540286148,100789
