Algorithm,Best Fitness,Best Found At Evaluation,Best Solution ID,Candidate Type,Crossover Hamming Parent 1,Crossover Hamming Parent 2,Dataset,Evaluation,Experiment Name,Final Percentage,Fitness,Generation,Improved Best,Initial Percentage,Model,Mutation Applied,Mutation Hamming Distance,Mutation Swaps,Offspring Number,Parent 1 Fitness,Parent 1 ID,Parent 1 Index,Parent 2 Fitness,Parent 2 ID,Parent 2 Index,Parent Hamming Distance,Population Slot,Requested Keep Percentage,Run ID,Search Seed,Selected Instances,Solution ID,Split Seed,Target Metric,Training Seed,accuracy,best_epoch,best_validation_loss,candidate_duration_seconds,epochs_trained,evaluation_loss,evaluation_split,f1,precision,recall,training_seed
GEN,0.958,1,1,initial,,,MNIST,1,prelim_features_mnist_swintransformer_GEN_kp25,0.25,0.958,0,True,0.25,swintransformer,False,0,0,,,,,,,,,1,0.25,MNIST_swintransformer_GEN_accuracy_kp2500_seed1024,1024,12000,1,42,accuracy,101024,0.958,9,0.1339686584075292,10.794106218963861,10,0.1339686584075292,valid,0.9573034425033479,0.9575587327194188,0.9573866002513617,101024
GEN,0.95975,2,2,initial,,,MNIST,2,prelim_features_mnist_swintransformer_GEN_kp25,0.25,0.95975,0,True,0.25,swintransformer,False,0,0,,,,,,,,,2,0.25,MNIST_swintransformer_GEN_accuracy_kp2500_seed1024,1024,12000,2,42,accuracy,101024,0.95975,10,0.13124745649347702,10.94797026924789,10,0.13124745649347702,valid,0.9590913979203849,0.9591548067417669,0.9593456453714305,101024
GEN,0.9606666666666667,3,3,initial,,,MNIST,3,prelim_features_mnist_swintransformer_GEN_kp25,0.25,0.9606666666666667,0,True,0.25,swintransformer,False,0,0,,,,,,,,,3,0.25,MNIST_swintransformer_GEN_accuracy_kp2500_seed1024,1024,12000,3,42,accuracy,101024,0.9606666666666667,9,0.1315543483470877,10.714524330571294,10,0.1315543483470877,valid,0.959999663167725,0.9601160197248351,0.9599897799657267,101024
GEN,0.9606666666666667,3,3,initial,,,MNIST,4,prelim_features_mnist_swintransformer_GEN_kp25,0.25,0.9575,0,False,0.25,swintransformer,False,0,0,,,,,,,,,4,0.25,MNIST_swintransformer_GEN_accuracy_kp2500_seed1024,1024,12000,4,42,accuracy,101024,0.9575,10,0.13487193190803132,10.889964751899242,10,0.13487193190803132,valid,0.9565992171938202,0.9575862666046591,0.9563928245924875,101024
GEN,0.9606666666666667,3,3,initial,,,MNIST,5,prelim_features_mnist_swintransformer_GEN_kp25,0.25,0.9589166666666666,0,False,0.25,swintransformer,False,0,0,,,,,,,,,5,0.25,MNIST_swintransformer_GEN_accuracy_kp2500_seed1024,1024,12000,5,42,accuracy,101024,0.9589166666666666,9,0.13406426709642014,10.973540814593434,10,0.13406426709642014,valid,0.9581398001950575,0.9583009566261962,0.9582254032789548,101024
GEN,0.961,6,6,initial,,,MNIST,6,prelim_features_mnist_swintransformer_GEN_kp25,0.25,0.961,0,True,0.25,swintransformer,False,0,0,,,,,,,,,6,0.25,MNIST_swintransformer_GEN_accuracy_kp2500_seed1024,1024,12000,6,42,accuracy,101024,0.961,10,0.12669227247685194,10.953838413581252,10,0.12669227247685194,valid,0.9602782277129535,0.960308536142548,0.9603909515042801,101024
GEN,0.961,6,6,initial,,,MNIST,7,prelim_features_mnist_swintransformer_GEN_kp25,0.25,0.9598333333333333,0,False,0.25,swintransformer,False,0,0,,,,,,,,,7,0.25,MNIST_swintransformer_GEN_accuracy_kp2500_seed1024,1024,12000,7,42,accuracy,101024,0.9598333333333333,10,0.13070725276569525,10.721651481464505,10,0.13070725276569525,valid,0.9591319720501643,0.9594839053020305,0.959046525702002,101024
GEN,0.961,6,6,initial,,,MNIST,8,prelim_features_mnist_swintransformer_GEN_kp25,0.25,0.96025,0,False,0.25,swintransformer,False,0,0,,,,,,,,,8,0.25,MNIST_swintransformer_GEN_accuracy_kp2500_seed1024,1024,12000,8,42,accuracy,101024,0.96025,10,0.12891692620764175,10.558842245489359,10,0.12891692620764175,valid,0.9595215616208245,0.9595231623393368,0.959566508708745,101024
GEN,0.961,6,6,initial,,,MNIST,9,prelim_features_mnist_swintransformer_GEN_kp25,0.25,0.9585833333333333,0,False,0.25,swintransformer,False,0,0,,,,,,,,,9,0.25,MNIST_swintransformer_GEN_accuracy_kp2500_seed1024,1024,12000,9,42,accuracy,101024,0.9585833333333333,10,0.13390219835688671,10.317190894857049,10,0.13390219835688671,valid,0.9577987041668357,0.9581293158647226,0.9579436060853175,101024
GEN,0.961,6,6,initial,,,MNIST,10,prelim_features_mnist_swintransformer_GEN_kp25,0.25,0.95725,0,False,0.25,swintransformer,False,0,0,,,,,,,,,10,0.25,MNIST_swintransformer_GEN_accuracy_kp2500_seed1024,1024,12000,10,42,accuracy,101024,0.95725,8,0.14018621776004633,9.692252485081553,10,0.14018621776004633,valid,0.9565753711827337,0.9568816884980578,0.9565503888233863,101024
GEN,0.961,6,6,offspring,8984,9104,MNIST,11,prelim_features_mnist_swintransformer_GEN_kp25,0.25,0.9568333333333333,1,False,0.25,swintransformer,False,0,0,1,0.9589166666666666,5,5,0.9606666666666667,3,3,18088,2,0.25,MNIST_swintransformer_GEN_accuracy_kp2500_seed1024,1024,12000,11,42,accuracy,101024,0.9568333333333333,10,0.13792986987779537,9.42137579806149,10,0.13792986987779537,valid,0.956039353871391,0.9572553846971322,0.9557187908200463,101024
GEN,0.961,6,6,offspring,9104,8984,MNIST,12,prelim_features_mnist_swintransformer_GEN_kp25,0.25,0.9565833333333333,1,False,0.25,swintransformer,False,0,0,2,0.9589166666666666,5,5,0.9606666666666667,3,3,18088,3,0.25,MNIST_swintransformer_GEN_accuracy_kp2500_seed1024,1024,12000,12,42,accuracy,101024,0.9565833333333333,10,0.1366925455244879,8.948506208136678,10,0.1366925455244879,valid,0.9556317634596926,0.9570799917318705,0.9552298079185757,101024
GEN,0.961,6,6,offspring,9112,8994,MNIST,13,prelim_features_mnist_swintransformer_GEN_kp25,0.25,0.9605,1,False,0.25,swintransformer,False,0,0,1,0.961,6,6,0.9598333333333333,7,7,18106,4,0.25,MNIST_swintransformer_GEN_accuracy_kp2500_seed1024,1024,12000,13,42,accuracy,101024,0.9605,10,0.12858304696033399,10.802495200186968,10,0.12858304696033399,valid,0.9597354059155423,0.9601468657235698,0.9595112186227841,101024
GEN,0.961,6,6,offspring,8994,9112,MNIST,14,prelim_features_mnist_swintransformer_GEN_kp25,0.25,0.9605,1,False,0.25,swintransformer,False,0,0,2,0.961,6,6,0.9598333333333333,7,7,18106,5,0.25,MNIST_swintransformer_GEN_accuracy_kp2500_seed1024,1024,12000,14,42,accuracy,101024,0.9605,10,0.13111877853175005,9.357476703822613,10,0.13111877853175005,valid,0.9598736653940423,0.9598621543050943,0.9600898582302223,101024
GEN,0.961,6,6,offspring,8938,9044,MNIST,15,prelim_features_mnist_swintransformer_GEN_kp25,0.25,0.9608333333333333,1,False,0.25,swintransformer,False,0,0,1,0.961,6,6,0.9606666666666667,3,3,17982,6,0.25,MNIST_swintransformer_GEN_accuracy_kp2500_seed1024,1024,12000,15,42,accuracy,101024,0.9608333333333333,10,0.1277295281663537,10.009161008521914,10,0.1277295281663537,valid,0.960178610316993,0.9601823877835474,0.9602512977424122,101024
GEN,0.961,6,6,offspring,9044,8938,MNIST,16,prelim_features_mnist_swintransformer_GEN_kp25,0.25,0.9571666666666667,1,False,0.25,swintransformer,False,0,0,2,0.961,6,6,0.9606666666666667,3,3,17982,7,0.25,MNIST_swintransformer_GEN_accuracy_kp2500_seed1024,1024,12000,16,42,accuracy,101024,0.9571666666666667,7,0.14147884617745876,9.75613159686327,10,0.14147884617745876,valid,0.9563579988923522,0.9563362420405795,0.9565064497665086,101024
GEN,0.961,6,6,offspring,8792,9062,MNIST,17,prelim_features_mnist_swintransformer_GEN_kp25,0.25,0.9575833333333333,1,False,0.25,swintransformer,False,0,0,1,0.96025,8,8,0.961,6,6,17854,8,0.25,MNIST_swintransformer_GEN_accuracy_kp2500_seed1024,1024,12000,17,42,accuracy,101024,0.9575833333333333,9,0.13727336394041775,9.695757975801826,10,0.13727336394041775,valid,0.9568364241426048,0.9570370199567197,0.9572932986468901,101024
GEN,0.961,6,6,offspring,9062,8792,MNIST,18,prelim_features_mnist_swintransformer_GEN_kp25,0.25,0.95975,1,False,0.25,swintransformer,False,0,0,2,0.96025,8,8,0.961,6,6,17854,9,0.25,MNIST_swintransformer_GEN_accuracy_kp2500_seed1024,1024,12000,18,42,accuracy,101024,0.95975,10,0.13232799072315296,10.919087314978242,10,0.13232799072315296,valid,0.9589610850159117,0.9592217910399847,0.9589547900590066,101024
GEN,0.961,6,6,offspring,8958,9024,MNIST,19,prelim_features_mnist_swintransformer_GEN_kp25,0.25,0.9585833333333333,1,False,0.25,swintransformer,False,0,0,1,0.961,6,6,0.9606666666666667,3,3,17982,10,0.25,MNIST_swintransformer_GEN_accuracy_kp2500_seed1024,1024,12000,19,42,accuracy,101024,0.9585833333333333,9,0.1318652966792385,11.05049628391862,10,0.1318652966792385,valid,0.957769312830122,0.9581804046786612,0.9576227387760161,101024
GEN,0.961,6,6,offspring,6726,6702,MNIST,20,prelim_features_mnist_swintransformer_GEN_kp25,0.25,0.9604166666666667,2,False,0.25,swintransformer,False,0,0,1,0.9608333333333333,15,6,0.9605,14,5,13428,2,0.25,MNIST_swintransformer_GEN_accuracy_kp2500_seed1024,1024,12000,20,42,accuracy,101024,0.9604166666666667,10,0.12516541419923305,11.12481140717864,10,0.12516541419923305,valid,0.9595864830310111,0.9600274046052913,0.9594823956178757,101024
GEN,0.961,6,6,offspring,6702,6726,MNIST,21,prelim_features_mnist_swintransformer_GEN_kp25,0.25,0.9588333333333333,2,False,0.25,swintransformer,False,0,0,2,0.9608333333333333,15,6,0.9605,14,5,13428,3,0.25,MNIST_swintransformer_GEN_accuracy_kp2500_seed1024,1024,12000,21,42,accuracy,101024,0.9588333333333333,10,0.13510928567250569,11.001305958256125,10,0.13510928567250569,valid,0.9581496606051871,0.9587217354353719,0.9579486263795038,101024
GEN,0.961,6,6,offspring,9062,9044,MNIST,22,prelim_features_mnist_swintransformer_GEN_kp25,0.25,0.9566666666666667,2,False,0.25,swintransformer,False,0,0,1,0.9605,13,4,0.9605,14,5,18106,4,0.25,MNIST_swintransformer_GEN_accuracy_kp2500_seed1024,1024,12000,22,42,accuracy,101024,0.9566666666666667,9,0.1418003744383653,8.808453621342778,10,0.1418003744383653,valid,0.9557647458234406,0.9567868638996677,0.9562490089377622,101024
GEN,0.961,6,6,offspring,9044,9062,MNIST,23,prelim_features_mnist_swintransformer_GEN_kp25,0.25,0.9580833333333333,2,False,0.25,swintransformer,False,0,0,2,0.9605,13,4,0.9605,14,5,18106,5,0.25,MNIST_swintransformer_GEN_accuracy_kp2500_seed1024,1024,12000,23,42,accuracy,101024,0.9580833333333333,10,0.13552178683628638,8.811289682984352,10,0.13552178683628638,valid,0.9574180486497648,0.9576809082635773,0.9576933380954786,101024
GEN,0.961,6,6,offspring,4550,4562,MNIST,24,prelim_features_mnist_swintransformer_GEN_kp25,0.25,0.9600833333333333,2,False,0.25,swintransformer,False,0,0,1,0.9605,13,4,0.961,6,1,9112,6,0.25,MNIST_swintransformer_GEN_accuracy_kp2500_seed1024,1024,12000,24,42,accuracy,101024,0.9600833333333333,10,0.1314524796853463,8.929982082918286,10,0.1314524796853463,valid,0.9593783586328604,0.9594144410276151,0.9597058664909905,101024
GEN,0.961,6,6,offspring,4562,4550,MNIST,25,prelim_features_mnist_swintransformer_GEN_kp25,0.25,0.9595833333333333,2,False,0.25,swintransformer,False,0,0,2,0.9605,13,4,0.961,6,1,9112,7,0.25,MNIST_swintransformer_GEN_accuracy_kp2500_seed1024,1024,12000,25,42,accuracy,101024,0.9595833333333333,10,0.13057983524352312,9.046337747946382,10,0.13057983524352312,valid,0.9588464276340731,0.9589773948145573,0.959162339605653,101024
GEN,0.961,6,6,offspring,4466,4472,MNIST,26,prelim_features_mnist_swintransformer_GEN_kp25,0.25,0.96,2,False,0.25,swintransformer,False,0,0,1,0.9608333333333333,15,6,0.961,6,1,8938,8,0.25,MNIST_swintransformer_GEN_accuracy_kp2500_seed1024,1024,12000,26,42,accuracy,101024,0.96,10,0.13676568792263666,8.791991733014584,10,0.13676568792263666,valid,0.9593357714983368,0.9595164063888854,0.9594894166659506,101024
GEN,0.961,6,6,offspring,4472,4466,MNIST,27,prelim_features_mnist_swintransformer_GEN_kp25,0.25,0.9594166666666667,2,False,0.25,swintransformer,False,0,0,2,0.9608333333333333,15,6,0.961,6,1,8938,9,0.25,MNIST_swintransformer_GEN_accuracy_kp2500_seed1024,1024,12000,27,42,accuracy,101024,0.9594166666666667,10,0.12990034499267736,8.855234844610095,10,0.12990034499267736,valid,0.9586723930914737,0.9589758029937402,0.9586101967123666,101024
GEN,0.961,6,6,offspring,9052,9054,MNIST,28,prelim_features_mnist_swintransformer_GEN_kp25,0.25,0.96025,2,False,0.25,swintransformer,False,0,0,1,0.9605,13,4,0.9605,14,5,18106,10,0.25,MNIST_swintransformer_GEN_accuracy_kp2500_seed1024,1024,12000,28,42,accuracy,101024,0.96025,10,0.12618736395364005,9.100588200613856,10,0.12618736395364005,valid,0.9595246674323734,0.9599778248643929,0.9592984359964758,101024
GEN,0.961,6,6,offspring,5590,5570,MNIST,29,prelim_features_mnist_swintransformer_GEN_kp25,0.25,0.9593333333333334,3,False,0.25,swintransformer,False,0,0,1,0.96025,28,10,0.9604166666666667,20,2,11160,2,0.25,MNIST_swintransformer_GEN_accuracy_kp2500_seed1024,1024,12000,29,42,accuracy,101024,0.9593333333333334,10,0.12984889793147644,9.083506414666772,10,0.12984889793147644,valid,0.9586844200480533,0.9594036580238043,0.9584060843213568,101024
GEN,0.9623333333333334,30,30,offspring,5570,5590,MNIST,30,prelim_features_mnist_swintransformer_GEN_kp25,0.25,0.9623333333333334,3,True,0.25,swintransformer,False,0,0,2,0.96025,28,10,0.9604166666666667,20,2,11160,3,0.25,MNIST_swintransformer_GEN_accuracy_kp2500_seed1024,1024,12000,30,42,accuracy,101024,0.9623333333333334,10,0.12406772772967815,9.060240412130952,10,0.12406772772967815,valid,0.961670636709937,0.9616189758903649,0.9617641571737627,101024
GEN,0.9623333333333334,30,30,offspring,3846,4052,MNIST,31,prelim_features_mnist_swintransformer_GEN_kp25,0.25,0.95975,3,False,0.25,swintransformer,False,0,0,1,0.9604166666666667,20,2,0.96,26,8,7898,4,0.25,MNIST_swintransformer_GEN_accuracy_kp2500_seed1024,1024,12000,31,42,accuracy,101024,0.95975,9,0.1341202206487457,9.055419564247131,10,0.1341202206487457,valid,0.9589944977113157,0.9594119141367072,0.9592623124748849,101024
GEN,0.9623333333333334,30,30,offspring,4052,3846,MNIST,32,prelim_features_mnist_swintransformer_GEN_kp25,0.25,0.96225,3,False,0.25,swintransformer,False,0,0,2,0.9604166666666667,20,2,0.96,26,8,7898,5,0.25,MNIST_swintransformer_GEN_accuracy_kp2500_seed1024,1024,12000,32,42,accuracy,101024,0.96225,10,0.1239226839467883,9.24769787862897,10,0.1239226839467883,valid,0.96162200814897,0.9617096712497736,0.9615719261439312,101024
GEN,0.9623333333333334,30,30,offspring,5636,5524,MNIST,33,prelim_features_mnist_swintransformer_GEN_kp25,0.25,0.9619166666666666,3,False,0.25,swintransformer,False,0,0,1,0.96025,28,10,0.9604166666666667,20,2,11160,6,0.25,MNIST_swintransformer_GEN_accuracy_kp2500_seed1024,1024,12000,33,42,accuracy,101024,0.9619166666666666,10,0.1264921952535709,9.354276809841394,10,0.1264921952535709,valid,0.9612186793458539,0.9612734763366175,0.9614717742788607,101024
GEN,0.9623333333333334,30,30,offspring,5524,5636,MNIST,34,prelim_features_mnist_swintransformer_GEN_kp25,0.25,0.9594166666666667,3,False,0.25,swintransformer,False,0,0,2,0.96025,28,10,0.9604166666666667,20,2,11160,7,0.25,MNIST_swintransformer_GEN_accuracy_kp2500_seed1024,1024,12000,34,42,accuracy,101024,0.9594166666666667,10,0.131900359796981,8.852338880300522,10,0.131900359796981,valid,0.9585486626507651,0.9589079381502736,0.9586645122228189,101024
GEN,0.9623333333333334,30,30,offspring,2242,2320,MNIST,35,prelim_features_mnist_swintransformer_GEN_kp25,0.25,0.95975,3,False,0.25,swintransformer,False,0,0,1,0.961,6,1,0.9600833333333333,24,6,4562,8,0.25,MNIST_swintransformer_GEN_accuracy_kp2500_seed1024,1024,12000,35,42,accuracy,101024,0.95975,9,0.13293641081204016,8.926912037655711,10,0.13293641081204016,valid,0.9589868785938703,0.9591380661120026,0.959225759680798,101024
GEN,0.9623333333333334,30,30,offspring,2320,2242,MNIST,36,prelim_features_mnist_swintransformer_GEN_kp25,0.25,0.9589166666666666,3,False,0.25,swintransformer,False,0,0,2,0.961,6,1,0.9600833333333333,24,6,4562,9,0.25,MNIST_swintransformer_GEN_accuracy_kp2500_seed1024,1024,12000,36,42,accuracy,101024,0.9589166666666666,9,0.13635530552764732,8.808030692860484,10,0.13635530552764732,valid,0.9581624726028748,0.9585222569070806,0.9581633347282749,101024
GEN,0.9623333333333334,30,30,offspring,2294,2178,MNIST,37,prelim_features_mnist_swintransformer_GEN_kp25,0.25,0.959,3,False,0.25,swintransformer,False,0,0,1,0.961,6,1,0.96,26,8,4472,10,0.25,MNIST_swintransformer_GEN_accuracy_kp2500_seed1024,1024,12000,37,42,accuracy,101024,0.959,10,0.1335411337688565,9.337434682995081,10,0.1335411337688565,valid,0.9581955531024088,0.958516652860925,0.958224505719232,101024
GEN,0.9623333333333334,30,30,offspring,4862,4962,MNIST,38,prelim_features_mnist_swintransformer_GEN_kp25,0.25,0.9554166666666667,4,False,0.25,swintransformer,False,0,0,1,0.9593333333333334,29,2,0.95975,35,8,9824,2,0.25,MNIST_swintransformer_GEN_accuracy_kp2500_seed1024,1024,12000,38,42,accuracy,101024,0.9554166666666667,10,0.13721113647768896,9.588247708976269,10,0.13721113647768896,valid,0.954260969256333,0.9564886577066718,0.9537841383668878,101024
GEN,0.9623333333333334,30,30,offspring,4962,4862,MNIST,39,prelim_features_mnist_swintransformer_GEN_kp25,0.25,0.9609166666666666,4,False,0.25,swintransformer,False,0,0,2,0.9593333333333334,29,2,0.95975,35,8,9824,3,0.25,MNIST_swintransformer_GEN_accuracy_kp2500_seed1024,1024,12000,39,42,accuracy,101024,0.9609166666666666,10,0.12666406727582216,8.831747649237514,10,0.12666406727582216,valid,0.9602246204457728,0.960275750459562,0.9603494979675865,101024
GEN,0.9623333333333334,30,30,offspring,3816,3838,MNIST,40,prelim_features_mnist_swintransformer_GEN_kp25,0.25,0.96175,4,False,0.25,swintransformer,False,0,0,1,0.96225,32,5,0.9623333333333334,30,3,7654,4,0.25,MNIST_swintransformer_GEN_accuracy_kp2500_seed1024,1024,12000,40,42,accuracy,101024,0.96175,10,0.12689417595913013,8.908637713640928,10,0.12689417595913013,valid,0.9610227842609547,0.9610988572813917,0.961200478826765,101024
GEN,0.9623333333333334,30,30,offspring,3838,3816,MNIST,41,prelim_features_mnist_swintransformer_GEN_kp25,0.25,0.962,4,False,0.25,swintransformer,False,0,0,2,0.96225,32,5,0.9623333333333334,30,3,7654,5,0.25,MNIST_swintransformer_GEN_accuracy_kp2500_seed1024,1024,12000,41,42,accuracy,101024,0.962,10,0.12619258923083543,8.976876003667712,10,0.12619258923083543,valid,0.9613753931716721,0.9613704060567642,0.9615696479841667,101024
GEN,0.9623333333333334,30,30,offspring,3794,3772,MNIST,42,prelim_features_mnist_swintransformer_GEN_kp25,0.25,0.96175,4,False,0.25,swintransformer,True,1200,600,1,0.96225,32,5,0.9619166666666666,33,6,7566,6,0.25,MNIST_swintransformer_GEN_accuracy_kp2500_seed1024,1024,12000,42,42,accuracy,101024,0.96175,10,0.12485483824461699,8.900070616975427,10,0.12485483824461699,valid,0.9610285427318198,0.9612701555155059,0.960967727518379,101024
GEN,0.9623333333333334,30,30,offspring,3772,3794,MNIST,43,prelim_features_mnist_swintransformer_GEN_kp25,0.25,0.9613333333333334,4,False,0.25,swintransformer,False,0,0,2,0.96225,32,5,0.9619166666666666,33,6,7566,7,0.25,MNIST_swintransformer_GEN_accuracy_kp2500_seed1024,1024,12000,43,42,accuracy,101024,0.9613333333333334,10,0.12965735305100679,9.062782751396298,10,0.12965735305100679,valid,0.9605826386357161,0.9607714887356643,0.96079100806594,101024
GEN,0.9623333333333334,30,30,offspring,3848,3806,MNIST,44,prelim_features_mnist_swintransformer_GEN_kp25,0.25,0.9585,4,False,0.25,swintransformer,False,0,0,1,0.96225,32,5,0.9623333333333334,30,3,7654,8,0.25,MNIST_swintransformer_GEN_accuracy_kp2500_seed1024,1024,12000,44,42,accuracy,101024,0.9585,9,0.1326064078261455,8.821389419957995,10,0.1326064078261455,valid,0.9576559029990224,0.9588438787724047,0.9572995674005547,101024
GEN,0.9623333333333334,30,30,offspring,3806,3848,MNIST,45,prelim_features_mnist_swintransformer_GEN_kp25,0.25,0.9613333333333334,4,False,0.25,swintransformer,False,0,0,2,0.96225,32,5,0.9623333333333334,30,3,7654,9,0.25,MNIST_swintransformer_GEN_accuracy_kp2500_seed1024,1024,12000,45,42,accuracy,101024,0.9613333333333334,10,0.1310055390050014,9.42309602163732,10,0.1310055390050014,valid,0.9605995555634641,0.9614466548265901,0.960301273259021,101024
GEN,0.9623333333333334,30,30,offspring,3806,3848,MNIST,46,prelim_features_mnist_swintransformer_GEN_kp25,0.25,0.9614166666666667,4,False,0.25,swintransformer,False,0,0,1,0.9623333333333334,30,3,0.96225,32,5,7654,10,0.25,MNIST_swintransformer_GEN_accuracy_kp2500_seed1024,1024,12000,46,42,accuracy,101024,0.9614166666666667,10,0.12638201150794823,10.842925630509853,10,0.12638201150794823,valid,0.9606573004352619,0.9609593042189776,0.9607739784991646,101024
GEN,0.9625,47,47,offspring,1900,1902,MNIST,47,prelim_features_mnist_swintransformer_GEN_kp25,0.25,0.9625,5,True,0.25,swintransformer,False,0,0,1,0.96175,40,4,0.9614166666666667,46,10,3802,2,0.25,MNIST_swintransformer_GEN_accuracy_kp2500_seed1024,1024,12000,47,42,accuracy,101024,0.9625,10,0.12610726583003998,10.809423679485917,10,0.12610726583003998,valid,0.9617254085977315,0.9621267942058592,0.9615940697849871,101024
GEN,0.9625,47,47,offspring,1902,1900,MNIST,48,prelim_features_mnist_swintransformer_GEN_kp25,0.25,0.9624166666666667,5,False,0.25,swintransformer,False,0,0,2,0.96175,40,4,0.9614166666666667,46,10,3802,3,0.25,MNIST_swintransformer_GEN_accuracy_kp2500_seed1024,1024,12000,48,42,accuracy,101024,0.9624166666666667,10,0.12689605141803623,9.953471263870597,10,0.12689605141803623,valid,0.9616575679991785,0.9622066025264319,0.9614833789952307,101024
GEN,0.9625,47,47,offspring,3788,3668,MNIST,49,prelim_features_mnist_swintransformer_GEN_kp25,0.25,0.9620833333333333,5,False,0.25,swintransformer,False,0,0,1,0.9623333333333334,30,1,0.96175,42,6,7456,4,0.25,MNIST_swintransformer_GEN_accuracy_kp2500_seed1024,1024,12000,49,42,accuracy,101024,0.9620833333333333,10,0.12351833647489548,8.773747075349092,10,0.12351833647489548,valid,0.9613971791479772,0.961400680351179,0.9614391234133339,101024
GEN,0.9625,47,47,offspring,3668,3788,MNIST,50,prelim_features_mnist_swintransformer_GEN_kp25,0.25,0.9609166666666666,5,False,0.25,swintransformer,False,0,0,2,0.9623333333333334,30,1,0.96175,42,6,7456,5,0.25,MNIST_swintransformer_GEN_accuracy_kp2500_seed1024,1024,12000,50,42,accuracy,101024,0.9609166666666666,10,0.12746063833187024,8.78972089663148,10,0.12746063833187024,valid,0.960292265622142,0.9604055355206151,0.9604143588179468,101024
GEN,0.9625,47,47,offspring,1896,1936,MNIST,51,prelim_features_mnist_swintransformer_GEN_kp25,0.25,0.9579166666666666,5,False,0.25,swintransformer,False,0,0,1,0.9613333333333334,45,9,0.9614166666666667,46,10,3832,6,0.25,MNIST_swintransformer_GEN_accuracy_kp2500_seed1024,1024,12000,51,42,accuracy,101024,0.9579166666666666,10,0.13426355414092542,9.072562476620078,10,0.13426355414092542,valid,0.9572664599717726,0.958112465247306,0.9578178793090736,101024
GEN,0.9626666666666667,52,52,offspring,1936,1896,MNIST,52,prelim_features_mnist_swintransformer_GEN_kp25,0.25,0.9626666666666667,5,True,0.25,swintransformer,False,0,0,2,0.9613333333333334,45,9,0.9614166666666667,46,10,3832,7,0.25,MNIST_swintransformer_GEN_accuracy_kp2500_seed1024,1024,12000,52,42,accuracy,101024,0.9626666666666667,10,0.1238191741158565,9.045216269791126,10,0.1238191741158565,valid,0.9619684627581174,0.9620662900144803,0.9619455494579414,101024
GEN,0.9626666666666667,52,52,offspring,1938,1868,MNIST,53,prelim_features_mnist_swintransformer_GEN_kp25,0.25,0.9610833333333333,5,False,0.25,swintransformer,False,0,0,1,0.9623333333333334,30,1,0.9614166666666667,46,10,3806,8,0.25,MNIST_swintransformer_GEN_accuracy_kp2500_seed1024,1024,12000,53,42,accuracy,101024,0.9610833333333333,10,0.12940139408409596,9.53453536145389,10,0.12940139408409596,valid,0.9603187566679615,0.9607666773722953,0.9603060103421759,101024
GEN,0.9626666666666667,52,52,offspring,1868,1938,MNIST,54,prelim_features_mnist_swintransformer_GEN_kp25,0.25,0.9606666666666667,5,False,0.25,swintransformer,True,1200,600,2,0.9623333333333334,30,1,0.9614166666666667,46,10,3806,9,0.25,MNIST_swintransformer_GEN_accuracy_kp2500_seed1024,1024,12000,54,42,accuracy,101024,0.9606666666666667,10,0.12952428418646256,10.347776843234897,10,0.12952428418646256,valid,0.9600372116780473,0.9601467649275565,0.96010472450867,101024
GEN,0.9626666666666667,52,52,offspring,1918,1898,MNIST,55,prelim_features_mnist_swintransformer_GEN_kp25,0.25,0.9621666666666666,5,False,0.25,swintransformer,False,0,0,1,0.962,41,5,0.9623333333333334,30,1,3816,10,0.25,MNIST_swintransformer_GEN_accuracy_kp2500_seed1024,1024,12000,55,42,accuracy,101024,0.9621666666666666,10,0.125774163775146,10.697330497205257,10,0.125774163775146,valid,0.9614400890265704,0.9617572760584274,0.9612953373619895,101024
GEN,0.9626666666666667,52,52,offspring,1920,1936,MNIST,56,prelim_features_mnist_swintransformer_GEN_kp25,0.25,0.9610833333333333,6,False,0.25,swintransformer,False,0,0,1,0.9624166666666667,48,3,0.9623333333333334,30,1,3856,2,0.25,MNIST_swintransformer_GEN_accuracy_kp2500_seed1024,1024,12000,56,42,accuracy,101024,0.9610833333333333,9,0.13097668241957824,10.839118268340826,10,0.13097668241957824,valid,0.960392181951689,0.9605539743154161,0.9604759569028125,101024
GEN,0.9626666666666667,52,52,offspring,1936,1920,MNIST,57,prelim_features_mnist_swintransformer_GEN_kp25,0.25,0.9624166666666667,6,False,0.25,swintransformer,False,0,0,2,0.9624166666666667,48,3,0.9623333333333334,30,1,3856,3,0.25,MNIST_swintransformer_GEN_accuracy_kp2500_seed1024,1024,12000,57,42,accuracy,101024,0.9624166666666667,10,0.12587404358635346,9.562721276655793,10,0.12587404358635346,valid,0.9616957189328497,0.9618965708105872,0.9616406880334436,101024
GEN,0.9626666666666667,52,52,offspring,1984,1804,MNIST,58,prelim_features_mnist_swintransformer_GEN_kp25,0.25,0.9594166666666667,6,False,0.25,swintransformer,False,0,0,1,0.9625,47,2,0.9623333333333334,30,1,3788,4,0.25,MNIST_swintransformer_GEN_accuracy_kp2500_seed1024,1024,12000,58,42,accuracy,101024,0.9594166666666667,10,0.130118340951701,10.976775482296944,10,0.130118340951701,valid,0.958691647488164,0.9594358049444411,0.9584009396667106,101024
GEN,0.9626666666666667,52,52,offspring,1804,1984,MNIST,59,prelim_features_mnist_swintransformer_GEN_kp25,0.25,0.9605,6,False,0.25,swintransformer,False,0,0,2,0.9625,47,2,0.9623333333333334,30,1,3788,5,0.25,MNIST_swintransformer_GEN_accuracy_kp2500_seed1024,1024,12000,59,42,accuracy,101024,0.9605,9,0.12983432912578186,9.148464500904083,10,0.12983432912578186,valid,0.9597469890704244,0.9598132500368255,0.9598683226053824,101024
GEN,0.9626666666666667,52,52,offspring,1460,1428,MNIST,60,prelim_features_mnist_swintransformer_GEN_kp25,0.25,0.9605,6,False,0.25,swintransformer,False,0,0,1,0.9624166666666667,48,3,0.9626666666666667,52,7,2888,6,0.25,MNIST_swintransformer_GEN_accuracy_kp2500_seed1024,1024,12000,60,42,accuracy,101024,0.9605,10,0.12867655354738236,9.143690712749958,10,0.12867655354738236,valid,0.9596553207597077,0.9605502280009249,0.9594300217080802,101024
GEN,0.9626666666666667,52,52,offspring,1428,1460,MNIST,61,prelim_features_mnist_swintransformer_GEN_kp25,0.25,0.9585,6,False,0.25,swintransformer,False,0,0,2,0.9624166666666667,48,3,0.9626666666666667,52,7,2888,7,0.25,MNIST_swintransformer_GEN_accuracy_kp2500_seed1024,1024,12000,61,42,accuracy,101024,0.9585,9,0.13317202619214852,10.755641112104058,10,0.13317202619214852,valid,0.9578853447070429,0.9582262343638209,0.9582056937400824,101024
GEN,0.9626666666666667,52,52,offspring,2362,2364,MNIST,62,prelim_features_mnist_swintransformer_GEN_kp25,0.25,0.9613333333333334,6,False,0.25,swintransformer,False,0,0,1,0.9625,47,2,0.9621666666666666,55,10,4726,8,0.25,MNIST_swintransformer_GEN_accuracy_kp2500_seed1024,1024,12000,62,42,accuracy,101024,0.9613333333333334,10,0.12711998864014942,11.036532785743475,10,0.12711998864014942,valid,0.9606409843681032,0.9607831617616907,0.9609127580180667,101024
GEN,0.9633333333333334,63,63,offspring,2364,2362,MNIST,63,prelim_features_mnist_swintransformer_GEN_kp25,0.25,0.9633333333333334,6,True,0.25,swintransformer,False,0,0,2,0.9625,47,2,0.9621666666666666,55,10,4726,9,0.25,MNIST_swintransformer_GEN_accuracy_kp2500_seed1024,1024,12000,63,42,accuracy,101024,0.9633333333333334,10,0.12501703072090944,10.10899069532752,10,0.12501703072090944,valid,0.9627238248612626,0.9628881507510426,0.9626772799521621,101024
GEN,0.9633333333333334,63,63,offspring,1378,1422,MNIST,64,prelim_features_mnist_swintransformer_GEN_kp25,0.25,0.9585833333333333,6,False,0.25,swintransformer,False,0,0,1,0.9626666666666667,52,7,0.9625,47,2,2800,10,0.25,MNIST_swintransformer_GEN_accuracy_kp2500_seed1024,1024,12000,64,42,accuracy,101024,0.9585833333333333,8,0.13622773815443118,9.070258237421513,10,0.13622773815443118,valid,0.9577769256582744,0.958305159049719,0.9576284850902839,101024
GEN,0.9633333333333334,63,63,offspring,1690,1692,MNIST,65,prelim_features_mnist_swintransformer_GEN_kp25,0.25,0.96125,7,False,0.25,swintransformer,False,0,0,1,0.9626666666666667,52,1,0.9624166666666667,57,3,3382,2,0.25,MNIST_swintransformer_GEN_accuracy_kp2500_seed1024,1024,12000,65,42,accuracy,101024,0.96125,9,0.12838734528422355,9.537650272250175,10,0.12838734528422355,valid,0.9605272464584231,0.9606780601866609,0.9604678714312321,101024
GEN,0.9633333333333334,63,63,offspring,1692,1690,MNIST,66,prelim_features_mnist_swintransformer_GEN_kp25,0.25,0.96075,7,False,0.25,swintransformer,False,0,0,2,0.9626666666666667,52,1,0.9624166666666667,57,3,3382,3,0.25,MNIST_swintransformer_GEN_accuracy_kp2500_seed1024,1024,12000,66,42,accuracy,101024,0.96075,9,0.12853374768793582,9.043458068743348,10,0.12853374768793582,valid,0.9600132919068004,0.9600889369181027,0.9600497308646032,101024
GEN,0.9633333333333334,63,63,offspring,1648,1684,MNIST,67,prelim_features_mnist_swintransformer_GEN_kp25,0.25,0.96325,7,False,0.25,swintransformer,False,0,0,1,0.9633333333333334,63,9,0.9626666666666667,52,1,3332,4,0.25,MNIST_swintransformer_GEN_accuracy_kp2500_seed1024,1024,12000,67,42,accuracy,101024,0.96325,10,0.12395473229636748,9.02215489000082,10,0.12395473229636748,valid,0.9625563385634136,0.9629146156305003,0.9623919465776926,101024
GEN,0.9633333333333334,63,63,offspring,1684,1648,MNIST,68,prelim_features_mnist_swintransformer_GEN_kp25,0.25,0.9611666666666666,7,False,0.25,swintransformer,False,0,0,2,0.9633333333333334,63,9,0.9626666666666667,52,1,3332,5,0.25,MNIST_swintransformer_GEN_accuracy_kp2500_seed1024,1024,12000,68,42,accuracy,101024,0.9611666666666666,10,0.1290160799274842,8.935923784971237,10,0.1290160799274842,valid,0.960398135265409,0.9610503513582328,0.9602041083559865,101024
GEN,0.9633333333333334,63,63,offspring,1786,1842,MNIST,69,prelim_features_mnist_swintransformer_GEN_kp25,0.25,0.96125,7,False,0.25,swintransformer,False,0,0,1,0.9610833333333333,56,2,0.9633333333333334,63,9,3628,6,0.25,MNIST_swintransformer_GEN_accuracy_kp2500_seed1024,1024,12000,69,42,accuracy,101024,0.96125,9,0.13086170541495085,10.502946224063635,10,0.13086170541495085,valid,0.9605535567765051,0.9609034908281782,0.9603768027848881,101024
GEN,0.9633333333333334,63,63,offspring,1842,1786,MNIST,70,prelim_features_mnist_swintransformer_GEN_kp25,0.25,0.9590833333333333,7,False,0.25,swintransformer,False,0,0,2,0.9610833333333333,56,2,0.9633333333333334,63,9,3628,7,0.25,MNIST_swintransformer_GEN_accuracy_kp2500_seed1024,1024,12000,70,42,accuracy,101024,0.9590833333333333,10,0.13121244860937198,9.034707631915808,10,0.13121244860937198,valid,0.958304433780022,0.9590823552680016,0.9581788692685034,101024
GEN,0.9633333333333334,63,63,offspring,1658,1648,MNIST,71,prelim_features_mnist_swintransformer_GEN_kp25,0.25,0.96025,7,False,0.25,swintransformer,False,0,0,1,0.9626666666666667,52,1,0.9605,59,5,3306,8,0.25,MNIST_swintransformer_GEN_accuracy_kp2500_seed1024,1024,12000,71,42,accuracy,101024,0.96025,10,0.13013782801975807,9.082997065037489,10,0.13013782801975807,valid,0.9595294804558829,0.9596740239642447,0.9596836030353112,101024
GEN,0.9633333333333334,63,63,offspring,1648,1658,MNIST,72,prelim_features_mnist_swintransformer_GEN_kp25,0.25,0.95925,7,False,0.25,swintransformer,True,1200,600,2,0.9626666666666667,52,1,0.9605,59,5,3306,9,0.25,MNIST_swintransformer_GEN_accuracy_kp2500_seed1024,1024,12000,72,42,accuracy,101024,0.95925,10,0.1325726761991779,10.094706501811743,10,0.1325726761991779,valid,0.9585322127839946,0.9590057240270463,0.958676631875146,101024
GEN,0.9633333333333334,63,63,offspring,1664,1718,MNIST,73,prelim_features_mnist_swintransformer_GEN_kp25,0.25,0.96175,7,False,0.25,swintransformer,False,0,0,1,0.9624166666666667,57,3,0.9626666666666667,52,1,3382,10,0.25,MNIST_swintransformer_GEN_accuracy_kp2500_seed1024,1024,12000,73,42,accuracy,101024,0.96175,10,0.12767944807807605,8.771345486864448,10,0.12767944807807605,valid,0.9611038085943363,0.9611904319046136,0.9611829579602913,101024
GEN,0.9633333333333334,63,63,offspring,1310,1268,MNIST,74,prelim_features_mnist_swintransformer_GEN_kp25,0.25,0.9590833333333333,8,False,0.25,swintransformer,False,0,0,1,0.96325,67,4,0.96125,69,6,2578,2,0.25,MNIST_swintransformer_GEN_accuracy_kp2500_seed1024,1024,12000,74,42,accuracy,101024,0.9590833333333333,10,0.13034059440344573,8.820684736594558,10,0.13034059440344573,valid,0.9581393202007638,0.9590989381589303,0.9578812839666924,101024
GEN,0.9633333333333334,63,63,offspring,1268,1310,MNIST,75,prelim_features_mnist_swintransformer_GEN_kp25,0.25,0.9615833333333333,8,False,0.25,swintransformer,False,0,0,2,0.96325,67,4,0.96125,69,6,2578,3,0.25,MNIST_swintransformer_GEN_accuracy_kp2500_seed1024,1024,12000,75,42,accuracy,101024,0.9615833333333333,10,0.1254709153622389,8.795993633568287,10,0.1254709153622389,valid,0.9609485671130189,0.9610614189528125,0.9609986319747728,101024
GEN,0.9633333333333334,63,63,offspring,1286,1288,MNIST,76,prelim_features_mnist_swintransformer_GEN_kp25,0.25,0.9613333333333334,8,False,0.25,swintransformer,False,0,0,1,0.96125,65,2,0.9611666666666666,68,5,2574,4,0.25,MNIST_swintransformer_GEN_accuracy_kp2500_seed1024,1024,12000,76,42,accuracy,101024,0.9613333333333334,10,0.12599305175741513,8.802159614861012,10,0.12599305175741513,valid,0.9606556060879106,0.9606729572340008,0.9608589971022319,101024
GEN,0.9633333333333334,63,63,offspring,1288,1286,MNIST,77,prelim_features_mnist_swintransformer_GEN_kp25,0.25,0.95925,8,False,0.25,swintransformer,False,0,0,2,0.96125,65,2,0.9611666666666666,68,5,2574,5,0.25,MNIST_swintransformer_GEN_accuracy_kp2500_seed1024,1024,12000,77,42,accuracy,101024,0.95925,9,0.13328772944957018,8.785670775920153,10,0.13328772944957018,valid,0.9584822830797103,0.9588717927484917,0.9583123573181682,101024
GEN,0.9633333333333334,63,63,offspring,914,928,MNIST,78,prelim_features_mnist_swintransformer_GEN_kp25,0.25,0.9618333333333333,8,False,0.25,swintransformer,False,0,0,1,0.96125,69,6,0.9633333333333334,63,1,1842,6,0.25,MNIST_swintransformer_GEN_accuracy_kp2500_seed1024,1024,12000,78,42,accuracy,101024,0.9618333333333333,10,0.1292603552689155,8.82495890930295,10,0.1292603552689155,valid,0.9609889145173633,0.9617655135622858,0.9608046001957705,101024
GEN,0.9633333333333334,63,63,offspring,928,914,MNIST,79,prelim_features_mnist_swintransformer_GEN_kp25,0.25,0.9611666666666666,8,False,0.25,swintransformer,True,1200,600,2,0.96125,69,6,0.9633333333333334,63,1,1842,7,0.25,MNIST_swintransformer_GEN_accuracy_kp2500_seed1024,1024,12000,79,42,accuracy,101024,0.9611666666666666,10,0.1297118946413199,8.981827864423394,10,0.1297118946413199,valid,0.9605089318013451,0.9608412381531142,0.960465383647992,101024
GEN,0.9633333333333334,63,63,offspring,922,920,MNIST,80,prelim_features_mnist_swintransformer_GEN_kp25,0.25,0.9610833333333333,8,False,0.25,swintransformer,False,0,0,1,0.9633333333333334,63,1,0.96125,69,6,1842,8,0.25,MNIST_swintransformer_GEN_accuracy_kp2500_seed1024,1024,12000,80,42,accuracy,101024,0.9610833333333333,9,0.1293211728980144,8.79211201518774,10,0.1293211728980144,valid,0.960185919086897,0.9608493625230136,0.9600382325681858,101024
GEN,0.9633333333333334,63,63,offspring,920,922,MNIST,81,prelim_features_mnist_swintransformer_GEN_kp25,0.25,0.9610833333333333,8,False,0.25,swintransformer,False,0,0,2,0.9633333333333334,63,1,0.96125,69,6,1842,9,0.25,MNIST_swintransformer_GEN_accuracy_kp2500_seed1024,1024,12000,81,42,accuracy,101024,0.9610833333333333,10,0.1283948133563002,8.81640275940299,10,0.1283948133563002,valid,0.9604372613377862,0.9605931426796988,0.9605638249269279,101024
GEN,0.9633333333333334,63,63,offspring,1750,1754,MNIST,82,prelim_features_mnist_swintransformer_GEN_kp25,0.25,0.9598333333333333,8,False,0.25,swintransformer,False,0,0,1,0.9633333333333334,63,1,0.96175,73,10,3504,10,0.25,MNIST_swintransformer_GEN_accuracy_kp2500_seed1024,1024,12000,82,42,accuracy,101024,0.9598333333333333,9,0.1309018662199378,8.809034472331405,10,0.1309018662199378,valid,0.9591182673033817,0.9593040427830886,0.959319696978006,101024
GEN,0.9633333333333334,63,63,offspring,852,900,MNIST,83,prelim_features_mnist_swintransformer_GEN_kp25,0.25,0.9604166666666667,9,False,0.25,swintransformer,False,0,0,1,0.9633333333333334,63,1,0.9615833333333333,75,3,1752,2,0.25,MNIST_swintransformer_GEN_accuracy_kp2500_seed1024,1024,12000,83,42,accuracy,101024,0.9604166666666667,10,0.1265086466471354,8.792442271485925,10,0.1265086466471354,valid,0.9597903633713931,0.9597745468032963,0.9600382587913121,101024
GEN,0.9633333333333334,63,63,offspring,900,852,MNIST,84,prelim_features_mnist_swintransformer_GEN_kp25,0.25,0.9611666666666666,9,False,0.25,swintransformer,False,0,0,2,0.9633333333333334,63,1,0.9615833333333333,75,3,1752,3,0.25,MNIST_swintransformer_GEN_accuracy_kp2500_seed1024,1024,12000,84,42,accuracy,101024,0.9611666666666666,9,0.12977270890275638,8.901084944605827,10,0.12977270890275638,valid,0.9604147633478274,0.9605463369160689,0.9604910286582896,101024
GEN,0.9633333333333334,63,63,offspring,458,470,MNIST,85,prelim_features_mnist_swintransformer_GEN_kp25,0.25,0.9603333333333334,9,False,0.25,swintransformer,False,0,0,1,0.9633333333333334,63,1,0.9618333333333333,78,6,928,4,0.25,MNIST_swintransformer_GEN_accuracy_kp2500_seed1024,1024,12000,85,42,accuracy,101024,0.9603333333333334,9,0.13239937284588812,10.243324935436249,10,0.13239937284588812,valid,0.959646212688923,0.9601182426636077,0.9594496985579701,101024
GEN,0.9633333333333334,63,63,offspring,470,458,MNIST,86,prelim_features_mnist_swintransformer_GEN_kp25,0.25,0.9606666666666667,9,False,0.25,swintransformer,False,0,0,2,0.9633333333333334,63,1,0.9618333333333333,78,6,928,5,0.25,MNIST_swintransformer_GEN_accuracy_kp2500_seed1024,1024,12000,86,42,accuracy,101024,0.9606666666666667,9,0.13057552817712229,10.861142491921782,10,0.13057552817712229,valid,0.9598473503776871,0.960123532091448,0.9599441028176674,101024
GEN,0.9633333333333334,63,63,offspring,1626,1636,MNIST,87,prelim_features_mnist_swintransformer_GEN_kp25,0.25,0.9586666666666667,9,False,0.25,swintransformer,False,0,0,1,0.9611666666666666,79,7,0.9598333333333333,82,10,3262,6,0.25,MNIST_swintransformer_GEN_accuracy_kp2500_seed1024,1024,12000,87,42,accuracy,101024,0.9586666666666667,10,0.13408950068801642,9.82450020685792,10,0.13408950068801642,valid,0.9578844364251461,0.9586820339804827,0.9576023797165838,101024
GEN,0.9636666666666667,88,88,offspring,1636,1626,MNIST,88,prelim_features_mnist_swintransformer_GEN_kp25,0.25,0.9636666666666667,9,True,0.25,swintransformer,False,0,0,2,0.9611666666666666,79,7,0.9598333333333333,82,10,3262,7,0.25,MNIST_swintransformer_GEN_accuracy_kp2500_seed1024,1024,12000,88,42,accuracy,101024,0.9636666666666667,10,0.12402074559777974,8.802417056635022,10,0.12402074559777974,valid,0.9629549598906963,0.9631247388526859,0.9629360519763674,101024
GEN,0.9636666666666667,88,88,offspring,1414,1434,MNIST,89,prelim_features_mnist_swintransformer_GEN_kp25,0.25,0.9613333333333334,9,False,0.25,swintransformer,False,0,0,1,0.9618333333333333,78,6,0.9613333333333334,76,4,2848,8,0.25,MNIST_swintransformer_GEN_accuracy_kp2500_seed1024,1024,12000,89,42,accuracy,101024,0.9613333333333334,10,0.12864120989044509,10.61463994719088,10,0.12864120989044509,valid,0.9606975596284519,0.961257141813199,0.9605318467298065,101024
GEN,0.9636666666666667,88,88,offspring,1434,1414,MNIST,90,prelim_features_mnist_swintransformer_GEN_kp25,0.25,0.9605,9,False,0.25,swintransformer,False,0,0,2,0.9618333333333333,78,6,0.9613333333333334,76,4,2848,9,0.25,MNIST_swintransformer_GEN_accuracy_kp2500_seed1024,1024,12000,90,42,accuracy,101024,0.9605,9,0.12753444279978673,10.851241314783692,10,0.12753444279978673,valid,0.9597341958281097,0.9599973286348664,0.9595829614006476,101024
GEN,0.9636666666666667,88,88,offspring,1316,1290,MNIST,91,prelim_features_mnist_swintransformer_GEN_kp25,0.25,0.9618333333333333,9,False,0.25,swintransformer,False,0,0,1,0.9613333333333334,76,4,0.9633333333333334,63,1,2606,10,0.25,MNIST_swintransformer_GEN_accuracy_kp2500_seed1024,1024,12000,91,42,accuracy,101024,0.9618333333333333,10,0.12872532907376688,8.837312582880259,10,0.12872532907376688,valid,0.9611031258507555,0.9614937796079372,0.9609897057535088,101024
GEN,0.9636666666666667,88,88,offspring,950,930,MNIST,92,prelim_features_mnist_swintransformer_GEN_kp25,0.25,0.9605833333333333,10,False,0.25,swintransformer,False,0,0,1,0.9633333333333334,63,1,0.9636666666666667,88,7,1880,2,0.25,MNIST_swintransformer_GEN_accuracy_kp2500_seed1024,1024,12000,92,42,accuracy,101024,0.9605833333333333,10,0.12882231196016072,8.797128872945905,10,0.12882231196016072,valid,0.959871407608045,0.9604142261471041,0.9596818798179511,101024
GEN,0.9636666666666667,88,88,offspring,930,950,MNIST,93,prelim_features_mnist_swintransformer_GEN_kp25,0.25,0.963,10,False,0.25,swintransformer,False,0,0,2,0.9633333333333334,63,1,0.9636666666666667,88,7,1880,3,0.25,MNIST_swintransformer_GEN_accuracy_kp2500_seed1024,1024,12000,93,42,accuracy,101024,0.963,10,0.1252545392314593,8.820486458018422,10,0.1252545392314593,valid,0.9622215985331962,0.9625123072215225,0.962177101952492,101024
GEN,0.9636666666666667,88,88,offspring,1416,1452,MNIST,94,prelim_features_mnist_swintransformer_GEN_kp25,0.25,0.9618333333333333,10,False,0.25,swintransformer,False,0,0,1,0.9613333333333334,89,8,0.9636666666666667,88,7,2868,4,0.25,MNIST_swintransformer_GEN_accuracy_kp2500_seed1024,1024,12000,94,42,accuracy,101024,0.9618333333333333,10,0.12537864394237597,8.846427733078599,10,0.12537864394237597,valid,0.9611646297422591,0.9614955489232992,0.961055326591197,101024
GEN,0.9636666666666667,88,88,offspring,1452,1416,MNIST,95,prelim_features_mnist_swintransformer_GEN_kp25,0.25,0.9613333333333334,10,False,0.25,swintransformer,False,0,0,2,0.9613333333333334,89,8,0.9636666666666667,88,7,2868,5,0.25,MNIST_swintransformer_GEN_accuracy_kp2500_seed1024,1024,12000,95,42,accuracy,101024,0.9613333333333334,10,0.12665957845250767,8.799130154773593,10,0.12665957845250767,valid,0.9604899171635509,0.9613245408526095,0.9603016921736163,101024
GEN,0.9636666666666667,88,88,offspring,964,916,MNIST,96,prelim_features_mnist_swintransformer_GEN_kp25,0.25,0.9599166666666666,10,False,0.25,swintransformer,False,0,0,1,0.9636666666666667,88,7,0.9633333333333334,63,1,1880,6,0.25,MNIST_swintransformer_GEN_accuracy_kp2500_seed1024,1024,12000,96,42,accuracy,101024,0.9599166666666666,10,0.13148662998030583,8.78819402679801,10,0.13148662998030583,valid,0.9592183749817556,0.9597141539750567,0.959250186463336,101024
GEN,0.9636666666666667,88,88,offspring,916,964,MNIST,97,prelim_features_mnist_swintransformer_GEN_kp25,0.25,0.96,10,False,0.25,swintransformer,False,0,0,2,0.9636666666666667,88,7,0.9633333333333334,63,1,1880,7,0.25,MNIST_swintransformer_GEN_accuracy_kp2500_seed1024,1024,12000,97,42,accuracy,101024,0.96,10,0.13001536316300433,8.817667560651898,10,0.13001536316300433,valid,0.9589713221951399,0.9603981650704355,0.9586156433824652,101024
GEN,0.9636666666666667,88,88,offspring,1186,1262,MNIST,98,prelim_features_mnist_swintransformer_GEN_kp25,0.25,0.9599166666666666,10,False,0.25,swintransformer,False,0,0,1,0.9636666666666667,88,7,0.9618333333333333,91,10,2448,8,0.25,MNIST_swintransformer_GEN_accuracy_kp2500_seed1024,1024,12000,98,42,accuracy,101024,0.9599166666666666,10,0.12958853483448426,9.29242467135191,10,0.12958853483448426,valid,0.9590667069544716,0.9600268323616182,0.9587351072477212,101024
GEN,0.9636666666666667,88,88,offspring,1262,1186,MNIST,99,prelim_features_mnist_swintransformer_GEN_kp25,0.25,0.95925,10,False,0.25,swintransformer,False,0,0,2,0.9636666666666667,88,7,0.9618333333333333,91,10,2448,9,0.25,MNIST_swintransformer_GEN_accuracy_kp2500_seed1024,1024,12000,99,42,accuracy,101024,0.95925,10,0.12879702198008697,10.863264368847013,10,0.12879702198008697,valid,0.9585691881380278,0.9587644842223908,0.9590292005076438,101024
GEN,0.9636666666666667,88,88,offspring,812,806,MNIST,100,prelim_features_mnist_swintransformer_GEN_kp25,0.25,0.9591666666666666,10,False,0.25,swintransformer,False,0,0,1,0.9606666666666667,86,5,0.9613333333333334,89,8,1618,10,0.25,MNIST_swintransformer_GEN_accuracy_kp2500_seed1024,1024,12000,100,42,accuracy,101024,0.9591666666666666,10,0.13314446557313203,9.00510035827756,10,0.13314446557313203,valid,0.9582474869649233,0.9598414724788216,0.9578336128540215,101024
