Algorithm,Best Fitness,Best Found At Evaluation,Best Solution ID,Candidate Type,Crossover Hamming Parent 1,Crossover Hamming Parent 2,Dataset,Evaluation,Experiment Name,Final Percentage,Fitness,Generation,Improved Best,Initial Percentage,Local Current Solution ID After,Local Current Solution ID Before,Local Fitness After,Local Fitness Before,Local Search Accepted,Local Search Applied,Local Search Hamming Distance,Local Search Origin Evaluation,Local Search Origin Solution ID,Local Search Step,Model,Mutation Applied,Mutation Hamming Distance,Mutation Swaps,Offspring Number,Parent 1 Fitness,Parent 1 ID,Parent 1 Index,Parent 2 Fitness,Parent 2 ID,Parent 2 Index,Parent Hamming Distance,Population Slot,Requested Keep Percentage,Run ID,Search Seed,Selected Instances,Solution ID,Split Seed,Target Metric,Training Seed,accuracy,best_epoch,best_validation_loss,candidate_duration_seconds,epochs_trained,evaluation_loss,evaluation_split,f1,precision,recall,training_seed
MEM,0.9705833333333334,1,1,initial,,,MNIST,1,prelim_features_mnist_alexnet_MEM_kp75,0.75,0.9705833333333334,0,True,0.75,,,,,,False,0,,,0,alexnet,False,0,0,,,,,,,,,1,0.75,MNIST_alexnet_MEM_accuracy_kp7500_seed456,456,36000,1,42,accuracy,100456,0.9705833333333334,5,0.09227358753513545,31.159205563366413,10,0.09227358753513545,valid,0.9702318484684431,0.9704757379184992,0.9701701780297478,100456
MEM,0.9715,2,2,initial,,,MNIST,2,prelim_features_mnist_alexnet_MEM_kp75,0.75,0.9715,0,True,0.75,,,,,,False,0,,,0,alexnet,False,0,0,,,,,,,,,2,0.75,MNIST_alexnet_MEM_accuracy_kp7500_seed456,456,36000,2,42,accuracy,100456,0.9715,6,0.09043782536902775,30.949279570952058,10,0.09043782536902775,valid,0.9710372076052172,0.9710751824963468,0.9712101196914638,100456
MEM,0.97175,3,3,initial,,,MNIST,3,prelim_features_mnist_alexnet_MEM_kp75,0.75,0.97175,0,True,0.75,,,,,,False,0,,,0,alexnet,False,0,0,,,,,,,,,3,0.75,MNIST_alexnet_MEM_accuracy_kp7500_seed456,456,36000,3,42,accuracy,100456,0.97175,8,0.09415565626385311,31.154248908162117,10,0.09415565626385311,valid,0.9713336925832319,0.9718735573774483,0.9711699472698505,100456
MEM,0.97475,4,4,initial,,,MNIST,4,prelim_features_mnist_alexnet_MEM_kp75,0.75,0.97475,0,True,0.75,,,,,,False,0,,,0,alexnet,False,0,0,,,,,,,,,4,0.75,MNIST_alexnet_MEM_accuracy_kp7500_seed456,456,36000,4,42,accuracy,100456,0.97475,10,0.08554202832483376,30.93111824989319,10,0.08554202832483376,valid,0.9744336617483123,0.9748177919125597,0.9742318384309033,100456
MEM,0.97475,4,4,initial,,,MNIST,5,prelim_features_mnist_alexnet_MEM_kp75,0.75,0.9740833333333333,0,False,0.75,,,,,,False,0,,,0,alexnet,False,0,0,,,,,,,,,5,0.75,MNIST_alexnet_MEM_accuracy_kp7500_seed456,456,36000,5,42,accuracy,100456,0.9740833333333333,10,0.08901562121254392,31.126217598095536,10,0.08901562121254392,valid,0.9737730194851795,0.9740827187898848,0.9735701406700775,100456
MEM,0.97475,4,4,initial,,,MNIST,6,prelim_features_mnist_alexnet_MEM_kp75,0.75,0.9735,0,False,0.75,,,,,,False,0,,,0,alexnet,False,0,0,,,,,,,,,6,0.75,MNIST_alexnet_MEM_accuracy_kp7500_seed456,456,36000,6,42,accuracy,100456,0.9735,8,0.08493395349942148,30.934278218075633,10,0.08493395349942148,valid,0.9731342769458953,0.9735159700870687,0.9729012511129749,100456
MEM,0.97475,4,4,initial,,,MNIST,7,prelim_features_mnist_alexnet_MEM_kp75,0.75,0.9731666666666666,0,False,0.75,,,,,,False,0,,,0,alexnet,False,0,0,,,,,,,,,7,0.75,MNIST_alexnet_MEM_accuracy_kp7500_seed456,456,36000,7,42,accuracy,100456,0.9731666666666666,9,0.08902627937456903,31.054411605000496,10,0.08902627937456903,valid,0.9728137543703855,0.9729485683326052,0.9728419550849855,100456
MEM,0.97475,4,4,initial,,,MNIST,8,prelim_features_mnist_alexnet_MEM_kp75,0.75,0.9739166666666667,0,False,0.75,,,,,,False,0,,,0,alexnet,False,0,0,,,,,,,,,8,0.75,MNIST_alexnet_MEM_accuracy_kp7500_seed456,456,36000,8,42,accuracy,100456,0.9739166666666667,10,0.0868139633902659,30.983318462967873,10,0.0868139633902659,valid,0.9734872441057387,0.973503664622192,0.9736454238355418,100456
MEM,0.97475,4,4,initial,,,MNIST,9,prelim_features_mnist_alexnet_MEM_kp75,0.75,0.9715,0,False,0.75,,,,,,False,0,,,0,alexnet,False,0,0,,,,,,,,,9,0.75,MNIST_alexnet_MEM_accuracy_kp7500_seed456,456,36000,9,42,accuracy,100456,0.9715,6,0.0887171823734728,31.062408270314336,10,0.0887171823734728,valid,0.9711056768300953,0.9712172919105886,0.9711650966177808,100456
MEM,0.97475,4,4,initial,,,MNIST,10,prelim_features_mnist_alexnet_MEM_kp75,0.75,0.9733333333333334,0,False,0.75,,,,,,False,0,,,0,alexnet,False,0,0,,,,,,,,,10,0.75,MNIST_alexnet_MEM_accuracy_kp7500_seed456,456,36000,10,42,accuracy,100456,0.9733333333333334,10,0.0904985965010322,30.993686713278294,10,0.0904985965010322,valid,0.9729450003441945,0.9730817337286259,0.972950742137022,100456
MEM,0.97475,4,4,offspring,8972,9066,MNIST,11,prelim_features_mnist_alexnet_MEM_kp75,0.75,0.9705833333333334,1,False,0.75,11,,0.9705833333333334,,,False,0,,,0,alexnet,True,3600,1800,1,0.9731666666666666,7,7,0.9740833333333333,5,5,18038,2,0.75,MNIST_alexnet_MEM_accuracy_kp7500_seed456,456,36000,11,42,accuracy,100456,0.9705833333333334,6,0.09188261253200472,31.09479116089642,10,0.09188261253200472,valid,0.9700855715948012,0.9703041958540048,0.970067053612703,100456
MEM,0.97475,4,4,offspring,9066,8972,MNIST,12,prelim_features_mnist_alexnet_MEM_kp75,0.75,0.9726666666666667,1,False,0.75,12,,0.9726666666666667,,,False,0,,,0,alexnet,False,0,0,2,0.9731666666666666,7,7,0.9740833333333333,5,5,18038,3,0.75,MNIST_alexnet_MEM_accuracy_kp7500_seed456,456,36000,12,42,accuracy,100456,0.9726666666666667,8,0.08940162912639789,30.966656859964132,10,0.08940162912639789,valid,0.9722431464145004,0.9723523606421136,0.9722913862047555,100456
MEM,0.97475,4,4,offspring,9066,8892,MNIST,13,prelim_features_mnist_alexnet_MEM_kp75,0.75,0.9713333333333334,1,False,0.75,13,,0.9713333333333334,,,True,0,13,13,0,alexnet,True,3600,1800,1,0.9740833333333333,5,5,0.9739166666666667,8,8,17958,4,0.75,MNIST_alexnet_MEM_accuracy_kp7500_seed456,456,36000,13,42,accuracy,100456,0.9713333333333334,7,0.08686973758414387,31.07283720187843,10,0.08686973758414387,valid,0.9709610005284681,0.9711339044731264,0.9710530401812081,100456
MEM,0.97475,4,4,local_neighbor,9066,8892,MNIST,14,prelim_features_mnist_alexnet_MEM_kp75,0.75,0.973,1,False,0.75,14,13,0.973,0.9713333333333334,True,True,10,13,13,1,alexnet,True,3600,1800,1,0.9740833333333333,5,5,0.9739166666666667,8,8,17958,4,0.75,MNIST_alexnet_MEM_accuracy_kp7500_seed456,456,36000,14,42,accuracy,100456,0.973,8,0.0873193711876714,31.021958094090223,10,0.0873193711876714,valid,0.9725767854537353,0.9729367166360919,0.9724888918938103,100456
MEM,0.97475,4,4,local_neighbor,9066,8892,MNIST,15,prelim_features_mnist_alexnet_MEM_kp75,0.75,0.9733333333333334,1,False,0.75,15,14,0.9733333333333334,0.973,True,True,10,13,13,2,alexnet,True,3600,1800,1,0.9740833333333333,5,5,0.9739166666666667,8,8,17958,4,0.75,MNIST_alexnet_MEM_accuracy_kp7500_seed456,456,36000,15,42,accuracy,100456,0.9733333333333334,5,0.08820131814324607,31.124723443761468,10,0.08820131814324607,valid,0.9730183222871777,0.9731117796649752,0.9730029897707219,100456
MEM,0.97475,4,4,local_neighbor,9066,8892,MNIST,16,prelim_features_mnist_alexnet_MEM_kp75,0.75,0.9733333333333334,1,False,0.75,16,15,0.9733333333333334,0.9733333333333334,True,True,10,13,13,3,alexnet,True,3600,1800,1,0.9740833333333333,5,5,0.9739166666666667,8,8,17958,4,0.75,MNIST_alexnet_MEM_accuracy_kp7500_seed456,456,36000,16,42,accuracy,100456,0.9733333333333334,7,0.08983149347128347,31.132784016430378,10,0.08983149347128347,valid,0.972981578807358,0.9734794631351995,0.9727460397063835,100456
MEM,0.97475,4,4,local_neighbor,9066,8892,MNIST,17,prelim_features_mnist_alexnet_MEM_kp75,0.75,0.9743333333333334,1,False,0.75,17,16,0.9743333333333334,0.9733333333333334,True,True,10,13,13,4,alexnet,True,3600,1800,1,0.9740833333333333,5,5,0.9739166666666667,8,8,17958,4,0.75,MNIST_alexnet_MEM_accuracy_kp7500_seed456,456,36000,17,42,accuracy,100456,0.9743333333333334,10,0.08434949509762615,31.14869854412973,10,0.08434949509762615,valid,0.9740113140787093,0.9741277554062908,0.9740301908960886,100456
MEM,0.97475,4,4,local_neighbor,9066,8892,MNIST,18,prelim_features_mnist_alexnet_MEM_kp75,0.75,0.9713333333333334,1,False,0.75,17,17,0.9743333333333334,0.9743333333333334,False,True,10,13,13,5,alexnet,True,3600,1800,1,0.9740833333333333,5,5,0.9739166666666667,8,8,17958,4,0.75,MNIST_alexnet_MEM_accuracy_kp7500_seed456,456,36000,18,42,accuracy,100456,0.9713333333333334,8,0.0949404586958699,31.051156954839826,10,0.0949404586958699,valid,0.9708715095795147,0.9716760861162097,0.9705081985140465,100456
MEM,0.97475,4,4,local_neighbor,9066,8892,MNIST,19,prelim_features_mnist_alexnet_MEM_kp75,0.75,0.9719166666666667,1,False,0.75,17,17,0.9743333333333334,0.9743333333333334,False,True,10,13,13,6,alexnet,True,3600,1800,1,0.9740833333333333,5,5,0.9739166666666667,8,8,17958,4,0.75,MNIST_alexnet_MEM_accuracy_kp7500_seed456,456,36000,19,42,accuracy,100456,0.9719166666666667,9,0.08889192401540155,30.959636695683002,10,0.08889192401540155,valid,0.9715508996613753,0.971769907756056,0.9715651794409318,100456
MEM,0.97475,4,4,local_neighbor,9066,8892,MNIST,20,prelim_features_mnist_alexnet_MEM_kp75,0.75,0.97325,1,False,0.75,17,17,0.9743333333333334,0.9743333333333334,False,True,10,13,13,7,alexnet,True,3600,1800,1,0.9740833333333333,5,5,0.9739166666666667,8,8,17958,4,0.75,MNIST_alexnet_MEM_accuracy_kp7500_seed456,456,36000,20,42,accuracy,100456,0.97325,9,0.08969267746418094,31.11501489765942,10,0.08969267746418094,valid,0.9728451566686758,0.9730200415006329,0.9729274796444282,100456
MEM,0.9753333333333334,21,21,local_neighbor,9066,8892,MNIST,21,prelim_features_mnist_alexnet_MEM_kp75,0.75,0.9753333333333334,1,True,0.75,21,17,0.9753333333333334,0.9743333333333334,True,True,10,13,13,8,alexnet,True,3600,1800,1,0.9740833333333333,5,5,0.9739166666666667,8,8,17958,4,0.75,MNIST_alexnet_MEM_accuracy_kp7500_seed456,456,36000,21,42,accuracy,100456,0.9753333333333334,10,0.08304624821722974,30.915663411840796,10,0.08304624821722974,valid,0.9749511974720203,0.9750234811132359,0.9749956763540688,100456
MEM,0.9753333333333334,21,21,local_neighbor,9066,8892,MNIST,22,prelim_features_mnist_alexnet_MEM_kp75,0.75,0.9718333333333333,1,False,0.75,21,21,0.9753333333333334,0.9753333333333334,False,True,10,13,13,9,alexnet,True,3600,1800,1,0.9740833333333333,5,5,0.9739166666666667,8,8,17958,4,0.75,MNIST_alexnet_MEM_accuracy_kp7500_seed456,456,36000,22,42,accuracy,100456,0.9718333333333333,9,0.09528096581471618,30.98887195251882,10,0.09528096581471618,valid,0.9714545778164594,0.9716450919237836,0.9715417616429743,100456
MEM,0.9753333333333334,21,21,local_neighbor,9066,8892,MNIST,23,prelim_features_mnist_alexnet_MEM_kp75,0.75,0.97,1,False,0.75,21,21,0.9753333333333334,0.9753333333333334,False,True,10,13,13,10,alexnet,True,3600,1800,1,0.9740833333333333,5,5,0.9739166666666667,8,8,17958,4,0.75,MNIST_alexnet_MEM_accuracy_kp7500_seed456,456,36000,23,42,accuracy,100456,0.97,7,0.09559586825811614,31.024902034550905,10,0.09559586825811614,valid,0.9694963863842568,0.9698824129295023,0.9694676640000776,100456
MEM,0.9753333333333334,21,21,offspring,8892,9066,MNIST,24,prelim_features_mnist_alexnet_MEM_kp75,0.75,0.9726666666666667,1,False,0.75,24,,0.9726666666666667,,,True,0,24,24,0,alexnet,False,0,0,2,0.9740833333333333,5,5,0.9739166666666667,8,8,17958,5,0.75,MNIST_alexnet_MEM_accuracy_kp7500_seed456,456,36000,24,42,accuracy,100456,0.9726666666666667,7,0.08906238489986087,31.141785202547908,10,0.08906238489986087,valid,0.9722911307615165,0.9724860914517579,0.972280676012546,100456
MEM,0.9753333333333334,21,21,local_neighbor,8892,9066,MNIST,25,prelim_features_mnist_alexnet_MEM_kp75,0.75,0.97175,1,False,0.75,24,24,0.9726666666666667,0.9726666666666667,False,True,10,24,24,1,alexnet,False,0,0,2,0.9740833333333333,5,5,0.9739166666666667,8,8,17958,5,0.75,MNIST_alexnet_MEM_accuracy_kp7500_seed456,456,36000,25,42,accuracy,100456,0.97175,9,0.08993311379050525,31.121543707326055,10,0.08993311379050525,valid,0.9714016147388144,0.9717251333545989,0.9712526375628245,100456
MEM,0.9753333333333334,21,21,local_neighbor,8892,9066,MNIST,26,prelim_features_mnist_alexnet_MEM_kp75,0.75,0.9725,1,False,0.75,24,24,0.9726666666666667,0.9726666666666667,False,True,10,24,24,2,alexnet,False,0,0,2,0.9740833333333333,5,5,0.9739166666666667,8,8,17958,5,0.75,MNIST_alexnet_MEM_accuracy_kp7500_seed456,456,36000,26,42,accuracy,100456,0.9725,9,0.09034848854473482,31.206747952848673,10,0.09034848854473482,valid,0.9721025964058615,0.972258431355794,0.9721483829636629,100456
MEM,0.9753333333333334,21,21,local_neighbor,8892,9066,MNIST,27,prelim_features_mnist_alexnet_MEM_kp75,0.75,0.97325,1,False,0.75,27,24,0.97325,0.9726666666666667,True,True,10,24,24,3,alexnet,False,0,0,2,0.9740833333333333,5,5,0.9739166666666667,8,8,17958,5,0.75,MNIST_alexnet_MEM_accuracy_kp7500_seed456,456,36000,27,42,accuracy,100456,0.97325,9,0.08621811785874889,31.029580611735582,10,0.08621811785874889,valid,0.9728762012555526,0.9731001336197528,0.9728056074508593,100456
MEM,0.9753333333333334,21,21,local_neighbor,8892,9066,MNIST,28,prelim_features_mnist_alexnet_MEM_kp75,0.75,0.9698333333333333,1,False,0.75,27,27,0.97325,0.97325,False,True,10,24,24,4,alexnet,False,0,0,2,0.9740833333333333,5,5,0.9739166666666667,8,8,17958,5,0.75,MNIST_alexnet_MEM_accuracy_kp7500_seed456,456,36000,28,42,accuracy,100456,0.9698333333333333,8,0.0931979568937483,31.098838539794087,10,0.0931979568937483,valid,0.9694382728218658,0.9695998115143505,0.9695370158676402,100456
MEM,0.9753333333333334,21,21,local_neighbor,8892,9066,MNIST,29,prelim_features_mnist_alexnet_MEM_kp75,0.75,0.9725,1,False,0.75,27,27,0.97325,0.97325,False,True,10,24,24,5,alexnet,False,0,0,2,0.9740833333333333,5,5,0.9739166666666667,8,8,17958,5,0.75,MNIST_alexnet_MEM_accuracy_kp7500_seed456,456,36000,29,42,accuracy,100456,0.9725,7,0.08660657107581694,30.90546310506761,10,0.08660657107581694,valid,0.9720516701576679,0.9722178150134976,0.97207327559432,100456
MEM,0.9753333333333334,21,21,local_neighbor,8892,9066,MNIST,30,prelim_features_mnist_alexnet_MEM_kp75,0.75,0.9726666666666667,1,False,0.75,27,27,0.97325,0.97325,False,True,10,24,24,6,alexnet,False,0,0,2,0.9740833333333333,5,5,0.9739166666666667,8,8,17958,5,0.75,MNIST_alexnet_MEM_accuracy_kp7500_seed456,456,36000,30,42,accuracy,100456,0.9726666666666667,6,0.08840012361202389,31.08419688604772,10,0.08840012361202389,valid,0.9722668483704213,0.9722658531704026,0.9723819925825612,100456
MEM,0.9753333333333334,21,21,local_neighbor,8892,9066,MNIST,31,prelim_features_mnist_alexnet_MEM_kp75,0.75,0.9706666666666667,1,False,0.75,27,27,0.97325,0.97325,False,True,10,24,24,7,alexnet,False,0,0,2,0.9740833333333333,5,5,0.9739166666666667,8,8,17958,5,0.75,MNIST_alexnet_MEM_accuracy_kp7500_seed456,456,36000,31,42,accuracy,100456,0.9706666666666667,4,0.09713428098180642,31.019372383132577,10,0.09713428098180642,valid,0.9701944072496896,0.9706123574993584,0.9699984310695683,100456
MEM,0.9753333333333334,21,21,local_neighbor,8892,9066,MNIST,32,prelim_features_mnist_alexnet_MEM_kp75,0.75,0.9718333333333333,1,False,0.75,27,27,0.97325,0.97325,False,True,10,24,24,8,alexnet,False,0,0,2,0.9740833333333333,5,5,0.9739166666666667,8,8,17958,5,0.75,MNIST_alexnet_MEM_accuracy_kp7500_seed456,456,36000,32,42,accuracy,100456,0.9718333333333333,10,0.09402047708180422,31.052705822512507,10,0.09402047708180422,valid,0.9714415857539773,0.971761521893624,0.9713793323560955,100456
MEM,0.9753333333333334,21,21,local_neighbor,8892,9066,MNIST,33,prelim_features_mnist_alexnet_MEM_kp75,0.75,0.9734166666666667,1,False,0.75,33,27,0.9734166666666667,0.97325,True,True,10,24,24,9,alexnet,False,0,0,2,0.9740833333333333,5,5,0.9739166666666667,8,8,17958,5,0.75,MNIST_alexnet_MEM_accuracy_kp7500_seed456,456,36000,33,42,accuracy,100456,0.9734166666666667,10,0.08897744787267099,31.04735864326358,10,0.08897744787267099,valid,0.9729805140454939,0.9731231758519933,0.9730718984103175,100456
MEM,0.9753333333333334,21,21,local_neighbor,8892,9066,MNIST,34,prelim_features_mnist_alexnet_MEM_kp75,0.75,0.9718333333333333,1,False,0.75,33,33,0.9734166666666667,0.9734166666666667,False,True,10,24,24,10,alexnet,False,0,0,2,0.9740833333333333,5,5,0.9739166666666667,8,8,17958,5,0.75,MNIST_alexnet_MEM_accuracy_kp7500_seed456,456,36000,34,42,accuracy,100456,0.9718333333333333,7,0.08914550530646617,31.02434965595603,10,0.08914550530646617,valid,0.9714231373547129,0.9714777929935667,0.9714688763636298,100456
MEM,0.9753333333333334,21,21,offspring,8962,9032,MNIST,35,prelim_features_mnist_alexnet_MEM_kp75,0.75,0.9704166666666667,1,False,0.75,35,,0.9704166666666667,,,False,0,,,0,alexnet,False,0,0,1,0.97475,4,4,0.9733333333333334,10,10,17994,6,0.75,MNIST_alexnet_MEM_accuracy_kp7500_seed456,456,36000,35,42,accuracy,100456,0.9704166666666667,6,0.09184657944894085,31.1352673266083,10,0.09184657944894085,valid,0.9699753727834304,0.9705349413402574,0.9698137431306465,100456
MEM,0.9753333333333334,21,21,offspring,9032,8962,MNIST,36,prelim_features_mnist_alexnet_MEM_kp75,0.75,0.9750833333333333,1,False,0.75,36,,0.9750833333333333,,,True,0,36,36,0,alexnet,False,0,0,2,0.97475,4,4,0.9733333333333334,10,10,17994,7,0.75,MNIST_alexnet_MEM_accuracy_kp7500_seed456,456,36000,36,42,accuracy,100456,0.9750833333333333,10,0.08613856702111661,31.08351644128561,10,0.08613856702111661,valid,0.9747794481430827,0.974858410343117,0.9748769210198569,100456
MEM,0.9753333333333334,21,21,local_neighbor,9032,8962,MNIST,37,prelim_features_mnist_alexnet_MEM_kp75,0.75,0.971,1,False,0.75,36,36,0.9750833333333333,0.9750833333333333,False,True,10,36,36,1,alexnet,False,0,0,2,0.97475,4,4,0.9733333333333334,10,10,17994,7,0.75,MNIST_alexnet_MEM_accuracy_kp7500_seed456,456,36000,37,42,accuracy,100456,0.971,10,0.10121796689399828,31.0916914511472,10,0.10121796689399828,valid,0.9706011857287928,0.971029982337404,0.9706556539531158,100456
MEM,0.9753333333333334,21,21,local_neighbor,9032,8962,MNIST,38,prelim_features_mnist_alexnet_MEM_kp75,0.75,0.9724166666666667,1,False,0.75,36,36,0.9750833333333333,0.9750833333333333,False,True,10,36,36,2,alexnet,False,0,0,2,0.97475,4,4,0.9733333333333334,10,10,17994,7,0.75,MNIST_alexnet_MEM_accuracy_kp7500_seed456,456,36000,38,42,accuracy,100456,0.9724166666666667,5,0.08917526507284493,30.934778997674584,10,0.08917526507284493,valid,0.9720105319389953,0.9723401735654343,0.9718204183793292,100456
MEM,0.9753333333333334,21,21,local_neighbor,9032,8962,MNIST,39,prelim_features_mnist_alexnet_MEM_kp75,0.75,0.9721666666666666,1,False,0.75,36,36,0.9750833333333333,0.9750833333333333,False,True,10,36,36,3,alexnet,False,0,0,2,0.97475,4,4,0.9733333333333334,10,10,17994,7,0.75,MNIST_alexnet_MEM_accuracy_kp7500_seed456,456,36000,39,42,accuracy,100456,0.9721666666666666,10,0.09102754205465317,31.015624856576324,10,0.09102754205465317,valid,0.9717559611369933,0.9724313634948922,0.9714193856971892,100456
MEM,0.9753333333333334,21,21,local_neighbor,9032,8962,MNIST,40,prelim_features_mnist_alexnet_MEM_kp75,0.75,0.9711666666666666,1,False,0.75,36,36,0.9750833333333333,0.9750833333333333,False,True,10,36,36,4,alexnet,False,0,0,2,0.97475,4,4,0.9733333333333334,10,10,17994,7,0.75,MNIST_alexnet_MEM_accuracy_kp7500_seed456,456,36000,40,42,accuracy,100456,0.9711666666666666,5,0.08822942885601272,31.048443550243974,10,0.08822942885601272,valid,0.970803575939206,0.9709713917890138,0.9708020487306674,100456
MEM,0.9753333333333334,21,21,local_neighbor,9032,8962,MNIST,41,prelim_features_mnist_alexnet_MEM_kp75,0.75,0.9710833333333333,1,False,0.75,36,36,0.9750833333333333,0.9750833333333333,False,True,10,36,36,5,alexnet,False,0,0,2,0.97475,4,4,0.9733333333333334,10,10,17994,7,0.75,MNIST_alexnet_MEM_accuracy_kp7500_seed456,456,36000,41,42,accuracy,100456,0.9710833333333333,7,0.09002237027185038,31.142440607771277,10,0.09002237027185038,valid,0.9707538702032761,0.9710267854307505,0.970702277598672,100456
MEM,0.9753333333333334,21,21,local_neighbor,9032,8962,MNIST,42,prelim_features_mnist_alexnet_MEM_kp75,0.75,0.9725,1,False,0.75,36,36,0.9750833333333333,0.9750833333333333,False,True,10,36,36,6,alexnet,False,0,0,2,0.97475,4,4,0.9733333333333334,10,10,17994,7,0.75,MNIST_alexnet_MEM_accuracy_kp7500_seed456,456,36000,42,42,accuracy,100456,0.9725,9,0.08806964424268032,31.07671608775854,10,0.08806964424268032,valid,0.9721135016916413,0.9727902509280041,0.9718172986885383,100456
MEM,0.9753333333333334,21,21,local_neighbor,9032,8962,MNIST,43,prelim_features_mnist_alexnet_MEM_kp75,0.75,0.9710833333333333,1,False,0.75,36,36,0.9750833333333333,0.9750833333333333,False,True,10,36,36,7,alexnet,False,0,0,2,0.97475,4,4,0.9733333333333334,10,10,17994,7,0.75,MNIST_alexnet_MEM_accuracy_kp7500_seed456,456,36000,43,42,accuracy,100456,0.9710833333333333,10,0.09356620360895371,31.17724549025297,10,0.09356620360895371,valid,0.9706577573424985,0.9710020010276799,0.9706677070100055,100456
MEM,0.9753333333333334,21,21,local_neighbor,9032,8962,MNIST,44,prelim_features_mnist_alexnet_MEM_kp75,0.75,0.9730833333333333,1,False,0.75,36,36,0.9750833333333333,0.9750833333333333,False,True,10,36,36,8,alexnet,False,0,0,2,0.97475,4,4,0.9733333333333334,10,10,17994,7,0.75,MNIST_alexnet_MEM_accuracy_kp7500_seed456,456,36000,44,42,accuracy,100456,0.9730833333333333,8,0.0907427977231952,31.063702734187245,10,0.0907427977231952,valid,0.9726565070829402,0.9727218219830226,0.9729042367588197,100456
MEM,0.9753333333333334,21,21,local_neighbor,9032,8962,MNIST,45,prelim_features_mnist_alexnet_MEM_kp75,0.75,0.9725833333333334,1,False,0.75,36,36,0.9750833333333333,0.9750833333333333,False,True,10,36,36,9,alexnet,False,0,0,2,0.97475,4,4,0.9733333333333334,10,10,17994,7,0.75,MNIST_alexnet_MEM_accuracy_kp7500_seed456,456,36000,45,42,accuracy,100456,0.9725833333333334,10,0.08938668184533405,31.202656337991357,10,0.08938668184533405,valid,0.9721364519837653,0.972424284736595,0.9720129047863371,100456
MEM,0.9753333333333334,21,21,local_neighbor,9032,8962,MNIST,46,prelim_features_mnist_alexnet_MEM_kp75,0.75,0.9723333333333334,1,False,0.75,36,36,0.9750833333333333,0.9750833333333333,False,True,10,36,36,10,alexnet,False,0,0,2,0.97475,4,4,0.9733333333333334,10,10,17994,7,0.75,MNIST_alexnet_MEM_accuracy_kp7500_seed456,456,36000,46,42,accuracy,100456,0.9723333333333334,9,0.08702031535383624,30.95788145251572,10,0.08702031535383624,valid,0.9719705433040684,0.9723106521368843,0.97178270125441,100456
MEM,0.9753333333333334,21,21,offspring,8980,8978,MNIST,47,prelim_features_mnist_alexnet_MEM_kp75,0.75,0.971,1,False,0.75,47,,0.971,,,False,0,,,0,alexnet,False,0,0,1,0.9739166666666667,8,8,0.9740833333333333,5,5,17958,8,0.75,MNIST_alexnet_MEM_accuracy_kp7500_seed456,456,36000,47,42,accuracy,100456,0.971,6,0.09563833331906547,31.06302112340927,10,0.09563833331906547,valid,0.9705847268023676,0.9708728974197586,0.970555227436402,100456
MEM,0.9753333333333334,21,21,offspring,8978,8980,MNIST,48,prelim_features_mnist_alexnet_MEM_kp75,0.75,0.9724166666666667,1,False,0.75,48,,0.9724166666666667,,,True,0,48,48,0,alexnet,False,0,0,2,0.9739166666666667,8,8,0.9740833333333333,5,5,17958,9,0.75,MNIST_alexnet_MEM_accuracy_kp7500_seed456,456,36000,48,42,accuracy,100456,0.9724166666666667,10,0.09371989446373967,31.086378898471594,10,0.09371989446373967,valid,0.972005868007213,0.9724472057476532,0.9717145557076579,100456
MEM,0.9753333333333334,21,21,local_neighbor,8978,8980,MNIST,49,prelim_features_mnist_alexnet_MEM_kp75,0.75,0.9706666666666667,1,False,0.75,48,48,0.9724166666666667,0.9724166666666667,False,True,10,48,48,1,alexnet,False,0,0,2,0.9739166666666667,8,8,0.9740833333333333,5,5,17958,9,0.75,MNIST_alexnet_MEM_accuracy_kp7500_seed456,456,36000,49,42,accuracy,100456,0.9706666666666667,8,0.09716849118098617,30.99797895550728,10,0.09716849118098617,valid,0.9703216226184314,0.9709238611140277,0.9700580093867328,100456
MEM,0.9753333333333334,21,21,local_neighbor,8978,8980,MNIST,50,prelim_features_mnist_alexnet_MEM_kp75,0.75,0.971,1,False,0.75,48,48,0.9724166666666667,0.9724166666666667,False,True,10,48,48,2,alexnet,False,0,0,2,0.9739166666666667,8,8,0.9740833333333333,5,5,17958,9,0.75,MNIST_alexnet_MEM_accuracy_kp7500_seed456,456,36000,50,42,accuracy,100456,0.971,7,0.0938061608383432,31.060024678707123,10,0.0938061608383432,valid,0.9706103443312462,0.9709662450239346,0.9705203699417375,100456
MEM,0.9753333333333334,21,21,local_neighbor,8978,8980,MNIST,51,prelim_features_mnist_alexnet_MEM_kp75,0.75,0.9701666666666666,1,False,0.75,48,48,0.9724166666666667,0.9724166666666667,False,True,10,48,48,3,alexnet,False,0,0,2,0.9739166666666667,8,8,0.9740833333333333,5,5,17958,9,0.75,MNIST_alexnet_MEM_accuracy_kp7500_seed456,456,36000,51,42,accuracy,100456,0.9701666666666666,6,0.09780605387873947,31.040166579186916,10,0.09780605387873947,valid,0.9697130859177884,0.9701386887910637,0.9695497517901508,100456
MEM,0.9753333333333334,21,21,local_neighbor,8978,8980,MNIST,52,prelim_features_mnist_alexnet_MEM_kp75,0.75,0.9703333333333334,1,False,0.75,48,48,0.9724166666666667,0.9724166666666667,False,True,10,48,48,4,alexnet,False,0,0,2,0.9739166666666667,8,8,0.9740833333333333,5,5,17958,9,0.75,MNIST_alexnet_MEM_accuracy_kp7500_seed456,456,36000,52,42,accuracy,100456,0.9703333333333334,7,0.09373001411138103,31.115948360413313,10,0.09373001411138103,valid,0.9699089138303915,0.9709087172287095,0.9694295735812257,100456
MEM,0.9753333333333334,21,21,local_neighbor,8978,8980,MNIST,53,prelim_features_mnist_alexnet_MEM_kp75,0.75,0.9726666666666667,1,False,0.75,53,48,0.9726666666666667,0.9724166666666667,True,True,10,48,48,5,alexnet,False,0,0,2,0.9739166666666667,8,8,0.9740833333333333,5,5,17958,9,0.75,MNIST_alexnet_MEM_accuracy_kp7500_seed456,456,36000,53,42,accuracy,100456,0.9726666666666667,10,0.0923252399408569,30.98950199596584,10,0.0923252399408569,valid,0.9722767759123607,0.9730723430320831,0.9719592072156841,100456
MEM,0.9753333333333334,21,21,local_neighbor,8978,8980,MNIST,54,prelim_features_mnist_alexnet_MEM_kp75,0.75,0.9725833333333334,1,False,0.75,53,53,0.9726666666666667,0.9726666666666667,False,True,10,48,48,6,alexnet,False,0,0,2,0.9739166666666667,8,8,0.9740833333333333,5,5,17958,9,0.75,MNIST_alexnet_MEM_accuracy_kp7500_seed456,456,36000,54,42,accuracy,100456,0.9725833333333334,9,0.09326183420815505,31.243072712793946,10,0.09326183420815505,valid,0.9723288036421651,0.9725835054273906,0.9723224526165046,100456
MEM,0.9753333333333334,21,21,local_neighbor,8978,8980,MNIST,55,prelim_features_mnist_alexnet_MEM_kp75,0.75,0.9725,1,False,0.75,53,53,0.9726666666666667,0.9726666666666667,False,True,10,48,48,7,alexnet,False,0,0,2,0.9739166666666667,8,8,0.9740833333333333,5,5,17958,9,0.75,MNIST_alexnet_MEM_accuracy_kp7500_seed456,456,36000,55,42,accuracy,100456,0.9725,7,0.09120474110116872,31.106279207393527,10,0.09120474110116872,valid,0.9719535865807851,0.9727726379114013,0.971593533260382,100456
MEM,0.9753333333333334,21,21,local_neighbor,8978,8980,MNIST,56,prelim_features_mnist_alexnet_MEM_kp75,0.75,0.97325,1,False,0.75,56,53,0.97325,0.9726666666666667,True,True,10,48,48,8,alexnet,False,0,0,2,0.9739166666666667,8,8,0.9740833333333333,5,5,17958,9,0.75,MNIST_alexnet_MEM_accuracy_kp7500_seed456,456,36000,56,42,accuracy,100456,0.97325,9,0.09333210583939217,31.238083951175213,10,0.09333210583939217,valid,0.9729737685416495,0.9733787317079521,0.9728017634614824,100456
MEM,0.9753333333333334,21,21,local_neighbor,8978,8980,MNIST,57,prelim_features_mnist_alexnet_MEM_kp75,0.75,0.972,1,False,0.75,56,56,0.97325,0.97325,False,True,10,48,48,9,alexnet,False,0,0,2,0.9739166666666667,8,8,0.9740833333333333,5,5,17958,9,0.75,MNIST_alexnet_MEM_accuracy_kp7500_seed456,456,36000,57,42,accuracy,100456,0.972,9,0.08814710191761455,31.04635656066239,10,0.08814710191761455,valid,0.9716160002197904,0.9717340258600855,0.9716740619550785,100456
MEM,0.9753333333333334,21,21,local_neighbor,8978,8980,MNIST,58,prelim_features_mnist_alexnet_MEM_kp75,0.75,0.9695833333333334,1,False,0.75,56,56,0.97325,0.97325,False,True,10,48,48,10,alexnet,False,0,0,2,0.9739166666666667,8,8,0.9740833333333333,5,5,17958,9,0.75,MNIST_alexnet_MEM_accuracy_kp7500_seed456,456,36000,58,42,accuracy,100456,0.9695833333333334,4,0.09966652172493438,31.255430402234197,10,0.09966652172493438,valid,0.9690294369364469,0.9692420155184058,0.9690434007277504,100456
MEM,0.9753333333333334,21,21,offspring,8930,9146,MNIST,59,prelim_features_mnist_alexnet_MEM_kp75,0.75,0.9740833333333333,1,False,0.75,59,,0.9740833333333333,,,True,0,59,59,0,alexnet,False,0,0,1,0.9733333333333334,10,10,0.9740833333333333,5,5,18076,10,0.75,MNIST_alexnet_MEM_accuracy_kp7500_seed456,456,36000,59,42,accuracy,100456,0.9740833333333333,8,0.08698706737572016,30.936840942129493,10,0.08698706737572016,valid,0.97367697381392,0.9737972941771998,0.9736976646661887,100456
MEM,0.9753333333333334,21,21,local_neighbor,8930,9146,MNIST,60,prelim_features_mnist_alexnet_MEM_kp75,0.75,0.9724166666666667,1,False,0.75,59,59,0.9740833333333333,0.9740833333333333,False,True,10,59,59,1,alexnet,False,0,0,1,0.9733333333333334,10,10,0.9740833333333333,5,5,18076,10,0.75,MNIST_alexnet_MEM_accuracy_kp7500_seed456,456,36000,60,42,accuracy,100456,0.9724166666666667,10,0.0947230211442026,31.159029638394713,10,0.0947230211442026,valid,0.9720178964235053,0.9721148503308947,0.9721919710580785,100456
MEM,0.9753333333333334,21,21,local_neighbor,8930,9146,MNIST,61,prelim_features_mnist_alexnet_MEM_kp75,0.75,0.972,1,False,0.75,59,59,0.9740833333333333,0.9740833333333333,False,True,10,59,59,2,alexnet,False,0,0,1,0.9733333333333334,10,10,0.9740833333333333,5,5,18076,10,0.75,MNIST_alexnet_MEM_accuracy_kp7500_seed456,456,36000,61,42,accuracy,100456,0.972,9,0.09023988054281411,31.063371976837516,10,0.09023988054281411,valid,0.9716669056881118,0.971677768725374,0.9717669555535935,100456
MEM,0.9753333333333334,21,21,local_neighbor,8930,9146,MNIST,62,prelim_features_mnist_alexnet_MEM_kp75,0.75,0.9719166666666667,1,False,0.75,59,59,0.9740833333333333,0.9740833333333333,False,True,10,59,59,3,alexnet,False,0,0,1,0.9733333333333334,10,10,0.9740833333333333,5,5,18076,10,0.75,MNIST_alexnet_MEM_accuracy_kp7500_seed456,456,36000,62,42,accuracy,100456,0.9719166666666667,10,0.09244754248927348,31.160113602876663,10,0.09244754248927348,valid,0.9715403290587442,0.9718089419216949,0.9715696273255079,100456
MEM,0.9753333333333334,21,21,local_neighbor,8930,9146,MNIST,63,prelim_features_mnist_alexnet_MEM_kp75,0.75,0.9676666666666667,1,False,0.75,59,59,0.9740833333333333,0.9740833333333333,False,True,10,59,59,4,alexnet,False,0,0,1,0.9733333333333334,10,10,0.9740833333333333,5,5,18076,10,0.75,MNIST_alexnet_MEM_accuracy_kp7500_seed456,456,36000,63,42,accuracy,100456,0.9676666666666667,4,0.0970557879668971,31.15054390951991,10,0.0970557879668971,valid,0.9671354257018845,0.9674037560930657,0.9673479585803106,100456
MEM,0.9753333333333334,21,21,local_neighbor,8930,9146,MNIST,64,prelim_features_mnist_alexnet_MEM_kp75,0.75,0.9726666666666667,1,False,0.75,59,59,0.9740833333333333,0.9740833333333333,False,True,10,59,59,5,alexnet,False,0,0,1,0.9733333333333334,10,10,0.9740833333333333,5,5,18076,10,0.75,MNIST_alexnet_MEM_accuracy_kp7500_seed456,456,36000,64,42,accuracy,100456,0.9726666666666667,8,0.08970270075462758,31.06829744577408,10,0.08970270075462758,valid,0.9722721621333179,0.9722436782824989,0.9724854072644454,100456
MEM,0.9756666666666667,65,65,local_neighbor,8930,9146,MNIST,65,prelim_features_mnist_alexnet_MEM_kp75,0.75,0.9756666666666667,1,True,0.75,65,59,0.9756666666666667,0.9740833333333333,True,True,10,59,59,6,alexnet,False,0,0,1,0.9733333333333334,10,10,0.9740833333333333,5,5,18076,10,0.75,MNIST_alexnet_MEM_accuracy_kp7500_seed456,456,36000,65,42,accuracy,100456,0.9756666666666667,9,0.08652934517886024,31.104939199984074,10,0.08652934517886024,valid,0.9753042087634759,0.9756674653135381,0.9751283620346891,100456
MEM,0.9756666666666667,65,65,local_neighbor,8930,9146,MNIST,66,prelim_features_mnist_alexnet_MEM_kp75,0.75,0.9715833333333334,1,False,0.75,65,65,0.9756666666666667,0.9756666666666667,False,True,10,59,59,7,alexnet,False,0,0,1,0.9733333333333334,10,10,0.9740833333333333,5,5,18076,10,0.75,MNIST_alexnet_MEM_accuracy_kp7500_seed456,456,36000,66,42,accuracy,100456,0.9715833333333334,8,0.09504572942247615,30.830147137865424,10,0.09504572942247615,valid,0.9711326064874701,0.9714517128658404,0.9710538428166483,100456
MEM,0.9756666666666667,65,65,local_neighbor,8930,9146,MNIST,67,prelim_features_mnist_alexnet_MEM_kp75,0.75,0.9714166666666667,1,False,0.75,65,65,0.9756666666666667,0.9756666666666667,False,True,10,59,59,8,alexnet,False,0,0,1,0.9733333333333334,10,10,0.9740833333333333,5,5,18076,10,0.75,MNIST_alexnet_MEM_accuracy_kp7500_seed456,456,36000,67,42,accuracy,100456,0.9714166666666667,9,0.09760525384087426,31.188617872074246,10,0.09760525384087426,valid,0.9710028767406816,0.9718455434326824,0.9706544008892342,100456
MEM,0.9756666666666667,65,65,local_neighbor,8930,9146,MNIST,68,prelim_features_mnist_alexnet_MEM_kp75,0.75,0.9735,1,False,0.75,65,65,0.9756666666666667,0.9756666666666667,False,True,10,59,59,9,alexnet,False,0,0,1,0.9733333333333334,10,10,0.9740833333333333,5,5,18076,10,0.75,MNIST_alexnet_MEM_accuracy_kp7500_seed456,456,36000,68,42,accuracy,100456,0.9735,10,0.09013610394469773,30.825234593823552,10,0.09013610394469773,valid,0.97307296401538,0.973451670775231,0.9728847966408709,100456
MEM,0.9756666666666667,65,65,local_neighbor,8930,9146,MNIST,69,prelim_features_mnist_alexnet_MEM_kp75,0.75,0.9738333333333333,1,False,0.75,65,65,0.9756666666666667,0.9756666666666667,False,True,10,59,59,10,alexnet,False,0,0,1,0.9733333333333334,10,10,0.9740833333333333,5,5,18076,10,0.75,MNIST_alexnet_MEM_accuracy_kp7500_seed456,456,36000,69,42,accuracy,100456,0.9738333333333333,8,0.08467878345896801,31.189072597771883,10,0.08467878345896801,valid,0.9734342786054044,0.9736086809711113,0.9734282107332145,100456
MEM,0.9756666666666667,65,65,offspring,9054,8922,MNIST,70,prelim_features_mnist_alexnet_MEM_kp75,0.75,0.9725833333333334,2,False,0.75,70,,0.9725833333333334,,,False,0,,,0,alexnet,False,0,0,1,0.97475,4,1,0.9756666666666667,65,10,17976,2,0.75,MNIST_alexnet_MEM_accuracy_kp7500_seed456,456,36000,70,42,accuracy,100456,0.9725833333333334,7,0.08978809647099115,31.0408617220819,10,0.08978809647099115,valid,0.9722440396640465,0.9730887397931758,0.9717941692388342,100456
MEM,0.9756666666666667,65,65,offspring,8922,9054,MNIST,71,prelim_features_mnist_alexnet_MEM_kp75,0.75,0.9724166666666667,2,False,0.75,71,,0.9724166666666667,,,False,0,,,0,alexnet,False,0,0,2,0.97475,4,1,0.9756666666666667,65,10,17976,3,0.75,MNIST_alexnet_MEM_accuracy_kp7500_seed456,456,36000,71,42,accuracy,100456,0.9724166666666667,8,0.08794376642877857,31.176130706444383,10,0.08794376642877857,valid,0.9719619565578286,0.9719510772390105,0.9720614434221682,100456
MEM,0.9756666666666667,65,65,offspring,6668,6662,MNIST,72,prelim_features_mnist_alexnet_MEM_kp75,0.75,0.97075,2,False,0.75,72,,0.97075,,,False,0,,,0,alexnet,False,0,0,1,0.9756666666666667,65,10,0.9750833333333333,36,7,13330,4,0.75,MNIST_alexnet_MEM_accuracy_kp7500_seed456,456,36000,72,42,accuracy,100456,0.97075,5,0.09193777672729145,31.073241693899035,10,0.09193777672729145,valid,0.9703454196193443,0.9704720842240679,0.970395088653976,100456
MEM,0.9756666666666667,65,65,offspring,6662,6668,MNIST,73,prelim_features_mnist_alexnet_MEM_kp75,0.75,0.9725,2,False,0.75,73,,0.9725,,,False,0,,,0,alexnet,False,0,0,2,0.9756666666666667,65,10,0.9750833333333333,36,7,13330,5,0.75,MNIST_alexnet_MEM_accuracy_kp7500_seed456,456,36000,73,42,accuracy,100456,0.9725,9,0.09108201710282204,31.080148400738835,10,0.09108201710282204,valid,0.9720673750792039,0.9728446971806575,0.9717678671606421,100456
MEM,0.9756666666666667,65,65,offspring,8938,8990,MNIST,74,prelim_features_mnist_alexnet_MEM_kp75,0.75,0.9728333333333333,2,False,0.75,74,,0.9728333333333333,,,False,0,,,0,alexnet,False,0,0,1,0.9750833333333333,36,7,0.971,47,8,17928,6,0.75,MNIST_alexnet_MEM_accuracy_kp7500_seed456,456,36000,74,42,accuracy,100456,0.9728333333333333,9,0.09147731125828189,31.109018864110112,10,0.09147731125828189,valid,0.9724392121224957,0.9732042550942633,0.9720644755465953,100456
MEM,0.9756666666666667,65,65,offspring,8990,8938,MNIST,75,prelim_features_mnist_alexnet_MEM_kp75,0.75,0.9738333333333333,2,False,0.75,75,,0.9738333333333333,,,True,0,75,75,0,alexnet,False,0,0,2,0.9750833333333333,36,7,0.971,47,8,17928,7,0.75,MNIST_alexnet_MEM_accuracy_kp7500_seed456,456,36000,75,42,accuracy,100456,0.9738333333333333,10,0.08877204840509997,30.988552326336503,10,0.08877204840509997,valid,0.9735235359284486,0.9736619446383413,0.9734800439078679,100456
MEM,0.9756666666666667,65,65,local_neighbor,8990,8938,MNIST,76,prelim_features_mnist_alexnet_MEM_kp75,0.75,0.9699166666666666,2,False,0.75,75,75,0.9738333333333333,0.9738333333333333,False,True,10,75,75,1,alexnet,False,0,0,2,0.9750833333333333,36,7,0.971,47,8,17928,7,0.75,MNIST_alexnet_MEM_accuracy_kp7500_seed456,456,36000,76,42,accuracy,100456,0.9699166666666666,6,0.09364864335007345,31.182621149346232,10,0.09364864335007345,valid,0.9694878922102698,0.9696883632442063,0.9696286479659939,100456
MEM,0.9756666666666667,65,65,local_neighbor,8990,8938,MNIST,77,prelim_features_mnist_alexnet_MEM_kp75,0.75,0.9726666666666667,2,False,0.75,75,75,0.9738333333333333,0.9738333333333333,False,True,10,75,75,2,alexnet,False,0,0,2,0.9750833333333333,36,7,0.971,47,8,17928,7,0.75,MNIST_alexnet_MEM_accuracy_kp7500_seed456,456,36000,77,42,accuracy,100456,0.9726666666666667,7,0.09059975077118725,31.03887710161507,10,0.09059975077118725,valid,0.9722562341059365,0.9722788142935185,0.9723814166482878,100456
MEM,0.9756666666666667,65,65,local_neighbor,8990,8938,MNIST,78,prelim_features_mnist_alexnet_MEM_kp75,0.75,0.9725833333333334,2,False,0.75,75,75,0.9738333333333333,0.9738333333333333,False,True,10,75,75,3,alexnet,False,0,0,2,0.9750833333333333,36,7,0.971,47,8,17928,7,0.75,MNIST_alexnet_MEM_accuracy_kp7500_seed456,456,36000,78,42,accuracy,100456,0.9725833333333334,7,0.08872300141304731,31.26918020285666,10,0.08872300141304731,valid,0.9722719265214186,0.972755825893034,0.9720020359524154,100456
MEM,0.9756666666666667,65,65,local_neighbor,8990,8938,MNIST,79,prelim_features_mnist_alexnet_MEM_kp75,0.75,0.9735833333333334,2,False,0.75,75,75,0.9738333333333333,0.9738333333333333,False,True,10,75,75,4,alexnet,False,0,0,2,0.9750833333333333,36,7,0.971,47,8,17928,7,0.75,MNIST_alexnet_MEM_accuracy_kp7500_seed456,456,36000,79,42,accuracy,100456,0.9735833333333334,8,0.08745951615599916,31.03399450145662,10,0.08745951615599916,valid,0.9732689385580976,0.9735149061824233,0.9732803648199237,100456
MEM,0.9756666666666667,65,65,local_neighbor,8990,8938,MNIST,80,prelim_features_mnist_alexnet_MEM_kp75,0.75,0.9720833333333333,2,False,0.75,75,75,0.9738333333333333,0.9738333333333333,False,True,10,75,75,5,alexnet,False,0,0,2,0.9750833333333333,36,7,0.971,47,8,17928,7,0.75,MNIST_alexnet_MEM_accuracy_kp7500_seed456,456,36000,80,42,accuracy,100456,0.9720833333333333,10,0.09031524481989132,28.203386491164565,10,0.09031524481989132,valid,0.9716150301397931,0.9719707470461326,0.9715290471703508,100456
MEM,0.9756666666666667,65,65,local_neighbor,8990,8938,MNIST,81,prelim_features_mnist_alexnet_MEM_kp75,0.75,0.9715,2,False,0.75,75,75,0.9738333333333333,0.9738333333333333,False,True,10,75,75,6,alexnet,False,0,0,2,0.9750833333333333,36,7,0.971,47,8,17928,7,0.75,MNIST_alexnet_MEM_accuracy_kp7500_seed456,456,36000,81,42,accuracy,100456,0.9715,10,0.0995905692478021,27.967830764129758,10,0.0995905692478021,valid,0.9710781603553643,0.9715614047451101,0.9710639517280425,100456
MEM,0.9756666666666667,65,65,local_neighbor,8990,8938,MNIST,82,prelim_features_mnist_alexnet_MEM_kp75,0.75,0.9726666666666667,2,False,0.75,75,75,0.9738333333333333,0.9738333333333333,False,True,10,75,75,7,alexnet,False,0,0,2,0.9750833333333333,36,7,0.971,47,8,17928,7,0.75,MNIST_alexnet_MEM_accuracy_kp7500_seed456,456,36000,82,42,accuracy,100456,0.9726666666666667,9,0.08931430133307973,28.09617524035275,10,0.08931430133307973,valid,0.9722844314288311,0.97283560929448,0.9719360164052805,100456
MEM,0.9756666666666667,65,65,local_neighbor,8990,8938,MNIST,83,prelim_features_mnist_alexnet_MEM_kp75,0.75,0.9735833333333334,2,False,0.75,75,75,0.9738333333333333,0.9738333333333333,False,True,10,75,75,8,alexnet,False,0,0,2,0.9750833333333333,36,7,0.971,47,8,17928,7,0.75,MNIST_alexnet_MEM_accuracy_kp7500_seed456,456,36000,83,42,accuracy,100456,0.9735833333333334,9,0.09276004695589654,28.142636692151427,10,0.09276004695589654,valid,0.9730443456486009,0.9736476113248573,0.9727895539908248,100456
MEM,0.9756666666666667,65,65,local_neighbor,8990,8938,MNIST,84,prelim_features_mnist_alexnet_MEM_kp75,0.75,0.97325,2,False,0.75,75,75,0.9738333333333333,0.9738333333333333,False,True,10,75,75,9,alexnet,False,0,0,2,0.9750833333333333,36,7,0.971,47,8,17928,7,0.75,MNIST_alexnet_MEM_accuracy_kp7500_seed456,456,36000,84,42,accuracy,100456,0.97325,9,0.09273270936900128,27.987603466957808,10,0.09273270936900128,valid,0.9729635379166133,0.9732596485199732,0.9728716141571603,100456
MEM,0.9756666666666667,65,65,local_neighbor,8990,8938,MNIST,85,prelim_features_mnist_alexnet_MEM_kp75,0.75,0.9703333333333334,2,False,0.75,75,75,0.9738333333333333,0.9738333333333333,False,True,10,75,75,10,alexnet,False,0,0,2,0.9750833333333333,36,7,0.971,47,8,17928,7,0.75,MNIST_alexnet_MEM_accuracy_kp7500_seed456,456,36000,85,42,accuracy,100456,0.9703333333333334,10,0.09487791416592276,28.084384022280574,10,0.09487791416592276,valid,0.9699469141269358,0.9708459056748971,0.9695566780799478,100456
MEM,0.9756666666666667,65,65,offspring,8988,9084,MNIST,86,prelim_features_mnist_alexnet_MEM_kp75,0.75,0.9723333333333334,2,False,0.75,86,,0.9723333333333334,,,False,0,,,0,alexnet,True,3600,1800,1,0.9734166666666667,33,5,0.97475,4,1,18072,8,0.75,MNIST_alexnet_MEM_accuracy_kp7500_seed456,456,36000,86,42,accuracy,100456,0.9723333333333334,8,0.0955915676651833,27.96556610427797,10,0.0955915676651833,valid,0.9720332014795503,0.9724063308167773,0.9718338302127478,100456
MEM,0.9756666666666667,65,65,offspring,9084,8988,MNIST,87,prelim_features_mnist_alexnet_MEM_kp75,0.75,0.9735833333333334,2,False,0.75,87,,0.9735833333333334,,,False,0,,,0,alexnet,False,0,0,2,0.9734166666666667,33,5,0.97475,4,1,18072,9,0.75,MNIST_alexnet_MEM_accuracy_kp7500_seed456,456,36000,87,42,accuracy,100456,0.9735833333333334,10,0.08728288700462629,28.24796990863979,10,0.08728288700462629,valid,0.9732452880139066,0.9733915495751478,0.9732811764270268,100456
MEM,0.9756666666666667,65,65,offspring,7214,7276,MNIST,88,prelim_features_mnist_alexnet_MEM_kp75,0.75,0.9731666666666666,2,False,0.75,88,,0.9731666666666666,,,False,0,,,0,alexnet,False,0,0,1,0.9756666666666667,65,10,0.9753333333333334,21,4,14490,10,0.75,MNIST_alexnet_MEM_accuracy_kp7500_seed456,456,36000,88,42,accuracy,100456,0.9731666666666666,9,0.0911136476858519,28.167851392179728,10,0.0911136476858519,valid,0.9727663129468409,0.973019213052976,0.9727283239236874,100456
MEM,0.9756666666666667,65,65,offspring,7848,7918,MNIST,89,prelim_features_mnist_alexnet_MEM_kp75,0.75,0.9723333333333334,3,False,0.75,89,,0.9723333333333334,,,False,0,,,0,alexnet,False,0,0,1,0.9756666666666667,65,1,0.9735833333333334,87,9,15766,2,0.75,MNIST_alexnet_MEM_accuracy_kp7500_seed456,456,36000,89,42,accuracy,100456,0.9723333333333334,10,0.08751669671914229,28.234766464680433,10,0.08751669671914229,valid,0.9719505488603872,0.9721597759425906,0.9718775150950177,100456
MEM,0.9756666666666667,65,65,offspring,7918,7848,MNIST,90,prelim_features_mnist_alexnet_MEM_kp75,0.75,0.9738333333333333,3,False,0.75,90,,0.9738333333333333,,,False,0,,,0,alexnet,False,0,0,2,0.9756666666666667,65,1,0.9735833333333334,87,9,15766,3,0.75,MNIST_alexnet_MEM_accuracy_kp7500_seed456,456,36000,90,42,accuracy,100456,0.9738333333333333,10,0.08778396103445751,28.293841663748026,10,0.08778396103445751,valid,0.9734442936168849,0.9737635500598605,0.9732893426917778,100456
MEM,0.9756666666666667,65,65,offspring,6662,6732,MNIST,91,prelim_features_mnist_alexnet_MEM_kp75,0.75,0.9723333333333334,3,False,0.75,91,,0.9723333333333334,,,False,0,,,0,alexnet,False,0,0,1,0.9738333333333333,75,7,0.9735833333333334,87,9,13394,4,0.75,MNIST_alexnet_MEM_accuracy_kp7500_seed456,456,36000,91,42,accuracy,100456,0.9723333333333334,8,0.09096945254566768,27.962406108155847,10,0.09096945254566768,valid,0.9720461075786971,0.9720200214653584,0.9722698654371561,100456
MEM,0.9756666666666667,65,65,offspring,6732,6662,MNIST,92,prelim_features_mnist_alexnet_MEM_kp75,0.75,0.97175,3,False,0.75,92,,0.97175,,,False,0,,,0,alexnet,False,0,0,2,0.9738333333333333,75,7,0.9735833333333334,87,9,13394,5,0.75,MNIST_alexnet_MEM_accuracy_kp7500_seed456,456,36000,92,42,accuracy,100456,0.97175,9,0.09269032623160942,28.15687996521592,10,0.09269032623160942,valid,0.9713560354459443,0.9716216410408866,0.9713512094890117,100456
MEM,0.9756666666666667,65,65,offspring,6670,6756,MNIST,93,prelim_features_mnist_alexnet_MEM_kp75,0.75,0.972,3,False,0.75,93,,0.972,,,False,0,,,0,alexnet,False,0,0,1,0.9738333333333333,75,7,0.9756666666666667,65,1,13426,6,0.75,MNIST_alexnet_MEM_accuracy_kp7500_seed456,456,36000,93,42,accuracy,100456,0.972,6,0.08977172903809696,27.950258318334818,10,0.08977172903809696,valid,0.9715403041742814,0.9719732577031269,0.971307051282651,100456
MEM,0.9756666666666667,65,65,offspring,6756,6670,MNIST,94,prelim_features_mnist_alexnet_MEM_kp75,0.75,0.972,3,False,0.75,94,,0.972,,,False,0,,,0,alexnet,False,0,0,2,0.9738333333333333,75,7,0.9756666666666667,65,1,13426,7,0.75,MNIST_alexnet_MEM_accuracy_kp7500_seed456,456,36000,94,42,accuracy,100456,0.972,9,0.09428623089768613,28.057649293914437,10,0.09428623089768613,valid,0.9715881455824759,0.9720656720562323,0.9714471153480488,100456
MEM,0.9756666666666667,65,65,offspring,6766,6644,MNIST,95,prelim_features_mnist_alexnet_MEM_kp75,0.75,0.9735833333333334,3,False,0.75,95,,0.9735833333333334,,,False,0,,,0,alexnet,False,0,0,1,0.9738333333333333,75,7,0.9725833333333334,70,2,13410,8,0.75,MNIST_alexnet_MEM_accuracy_kp7500_seed456,456,36000,95,42,accuracy,100456,0.9735833333333334,10,0.08991202750887411,28.003591883927584,10,0.08991202750887411,valid,0.9732134417843031,0.9735508429390153,0.9731674333283256,100456
MEM,0.9756666666666667,65,65,offspring,6644,6766,MNIST,96,prelim_features_mnist_alexnet_MEM_kp75,0.75,0.9725833333333334,3,False,0.75,96,,0.9725833333333334,,,False,0,,,0,alexnet,True,3600,1800,2,0.9738333333333333,75,7,0.9725833333333334,70,2,13410,9,0.75,MNIST_alexnet_MEM_accuracy_kp7500_seed456,456,36000,96,42,accuracy,100456,0.9725833333333334,9,0.09130542692945649,28.050663243979216,10,0.09130542692945649,valid,0.9723031698531536,0.9724614194386978,0.9723900190907138,100456
MEM,0.9756666666666667,65,65,offspring,6874,6994,MNIST,97,prelim_features_mnist_alexnet_MEM_kp75,0.75,0.9696666666666667,3,False,0.75,97,,0.9696666666666667,,,False,0,,,0,alexnet,False,0,0,1,0.9728333333333333,74,6,0.9731666666666666,88,10,13868,10,0.75,MNIST_alexnet_MEM_accuracy_kp7500_seed456,456,36000,97,42,accuracy,100456,0.9696666666666667,9,0.09839932650929162,28.259676430374384,10,0.09839932650929162,valid,0.9692988128221508,0.970046128020897,0.968994856080552,100456
MEM,0.9756666666666667,65,65,offspring,6284,6230,MNIST,98,prelim_features_mnist_alexnet_MEM_kp75,0.75,0.9715,4,False,0.75,98,,0.9715,,,False,0,,,0,alexnet,False,0,0,1,0.9756666666666667,65,1,0.9725833333333334,96,9,12514,2,0.75,MNIST_alexnet_MEM_accuracy_kp7500_seed456,456,36000,98,42,accuracy,100456,0.9715,8,0.08962442082469352,28.197346290573478,10,0.08962442082469352,valid,0.9710632819460315,0.9712452809014392,0.971128833882001,100456
MEM,0.9756666666666667,65,65,offspring,6230,6284,MNIST,99,prelim_features_mnist_alexnet_MEM_kp75,0.75,0.9694166666666667,4,False,0.75,99,,0.9694166666666667,,,False,0,,,0,alexnet,False,0,0,2,0.9756666666666667,65,1,0.9725833333333334,96,9,12514,3,0.75,MNIST_alexnet_MEM_accuracy_kp7500_seed456,456,36000,99,42,accuracy,100456,0.9694166666666667,7,0.09756280099616076,28.33603346347809,10,0.09756280099616076,valid,0.9688639593777963,0.9691230608229157,0.9691511491382283,100456
MEM,0.9756666666666667,65,65,offspring,6598,6714,MNIST,100,prelim_features_mnist_alexnet_MEM_kp75,0.75,0.9755833333333334,4,False,0.75,100,,0.9755833333333334,,,False,0,,,0,alexnet,False,0,0,1,0.9738333333333333,90,3,0.9725833333333334,96,9,13312,4,0.75,MNIST_alexnet_MEM_accuracy_kp7500_seed456,456,36000,100,42,accuracy,100456,0.9755833333333334,9,0.08354673466878011,28.027854211628437,10,0.08354673466878011,valid,0.9752559863056346,0.9754850703073885,0.9751868371594707,100456
