Algorithm,Best Fitness,Best Found At Evaluation,Best Solution ID,Candidate Type,Dataset,Evaluation,Experiment Name,Final Percentage,Fitness,Improved Best,Initial Percentage,Model,Requested Keep Percentage,Run ID,Search Seed,Selected Instances,Solution ID,Split Seed,Target Metric,Training Seed,accuracy,best_epoch,best_validation_loss,candidate_duration_seconds,epochs_trained,evaluation_loss,evaluation_split,f1,precision,recall,training_seed
RS,0.7993,1,1,random,CIFAR10,1,prelim_features_cifar10_alexnet_RS_kp50,0.5,0.7993,True,0.5,alexnet,0.5,CIFAR10_alexnet_RS_accuracy_kp5000_seed789,789,20000,1,42,accuracy,100789,0.7993,2,0.5857058584690094,14.399917584843934,10,0.5857058584690094,valid,0.7986806410996199,0.8039321725376963,0.7993,100789
RS,0.8044,2,2,random,CIFAR10,2,prelim_features_cifar10_alexnet_RS_kp50,0.5,0.8044,True,0.5,alexnet,0.5,CIFAR10_alexnet_RS_accuracy_kp5000_seed789,789,20000,2,42,accuracy,100789,0.8044,2,0.5847825809001923,14.46686508692801,10,0.5847825809001923,valid,0.8031415018245267,0.8072832847146106,0.8044,100789
RS,0.8044,2,2,random,CIFAR10,3,prelim_features_cifar10_alexnet_RS_kp50,0.5,0.8044,False,0.5,alexnet,0.5,CIFAR10_alexnet_RS_accuracy_kp5000_seed789,789,20000,3,42,accuracy,100789,0.8044,2,0.5826795463562011,14.22852519992739,10,0.5826795463562011,valid,0.8029731712651424,0.8051961051953673,0.8044,100789
RS,0.8062,4,4,random,CIFAR10,4,prelim_features_cifar10_alexnet_RS_kp50,0.5,0.8062,True,0.5,alexnet,0.5,CIFAR10_alexnet_RS_accuracy_kp5000_seed789,789,20000,4,42,accuracy,100789,0.8062,4,0.5866786992073059,14.266776508651674,10,0.5866786992073059,valid,0.8062980465591559,0.808267421120249,0.8061999999999999,100789
RS,0.8091,5,5,random,CIFAR10,5,prelim_features_cifar10_alexnet_RS_kp50,0.5,0.8091,True,0.5,alexnet,0.5,CIFAR10_alexnet_RS_accuracy_kp5000_seed789,789,20000,5,42,accuracy,100789,0.8091,3,0.5755042575359345,14.365023577585816,10,0.5755042575359345,valid,0.8092058727964522,0.8112387585587258,0.8091000000000002,100789
RS,0.8091,5,5,random,CIFAR10,6,prelim_features_cifar10_alexnet_RS_kp50,0.5,0.7957,False,0.5,alexnet,0.5,CIFAR10_alexnet_RS_accuracy_kp5000_seed789,789,20000,6,42,accuracy,100789,0.7957,2,0.5959052196502685,14.436291359364986,10,0.5959052196502685,valid,0.7961844103417469,0.8003223193953612,0.7956999999999999,100789
RS,0.8091,5,5,random,CIFAR10,7,prelim_features_cifar10_alexnet_RS_kp50,0.5,0.8032,False,0.5,alexnet,0.5,CIFAR10_alexnet_RS_accuracy_kp5000_seed789,789,20000,7,42,accuracy,100789,0.8032,3,0.5900931723356247,14.269446617923677,10,0.5900931723356247,valid,0.8044495462522019,0.8125708126450822,0.8032,100789
RS,0.8091,5,5,random,CIFAR10,8,prelim_features_cifar10_alexnet_RS_kp50,0.5,0.8054,False,0.5,alexnet,0.5,CIFAR10_alexnet_RS_accuracy_kp5000_seed789,789,20000,8,42,accuracy,100789,0.8054,2,0.5647734681129456,14.281652063131332,10,0.5647734681129456,valid,0.8043168067563281,0.8058075274945745,0.8054,100789
RS,0.8091,5,5,random,CIFAR10,9,prelim_features_cifar10_alexnet_RS_kp50,0.5,0.8025,False,0.5,alexnet,0.5,CIFAR10_alexnet_RS_accuracy_kp5000_seed789,789,20000,9,42,accuracy,100789,0.8025,5,0.6281095026493072,14.358907362446189,10,0.6281095026493072,valid,0.8033383074467796,0.8069570980666922,0.8025,100789
RS,0.8091,5,5,random,CIFAR10,10,prelim_features_cifar10_alexnet_RS_kp50,0.5,0.8039,False,0.5,alexnet,0.5,CIFAR10_alexnet_RS_accuracy_kp5000_seed789,789,20000,10,42,accuracy,100789,0.8039,3,0.58333429479599,14.47797179594636,10,0.58333429479599,valid,0.8022293424717674,0.8039890717653794,0.8039,100789
RS,0.8091,5,5,random,CIFAR10,11,prelim_features_cifar10_alexnet_RS_kp50,0.5,0.8052,False,0.5,alexnet,0.5,CIFAR10_alexnet_RS_accuracy_kp5000_seed789,789,20000,11,42,accuracy,100789,0.8052,3,0.5873415445566177,14.209159987978637,10,0.5873415445566177,valid,0.8052567103322119,0.8119746483830868,0.8051999999999999,100789
RS,0.8091,5,5,random,CIFAR10,12,prelim_features_cifar10_alexnet_RS_kp50,0.5,0.8057,False,0.5,alexnet,0.5,CIFAR10_alexnet_RS_accuracy_kp5000_seed789,789,20000,12,42,accuracy,100789,0.8057,2,0.5822062733650207,14.352255644276738,10,0.5822062733650207,valid,0.804738876504692,0.8077357041849806,0.8056999999999999,100789
RS,0.8091,5,5,random,CIFAR10,13,prelim_features_cifar10_alexnet_RS_kp50,0.5,0.8028,False,0.5,alexnet,0.5,CIFAR10_alexnet_RS_accuracy_kp5000_seed789,789,20000,13,42,accuracy,100789,0.8028,3,0.588703796005249,14.407657009549439,10,0.588703796005249,valid,0.8022523652298267,0.8025079643874535,0.8028000000000001,100789
RS,0.8091,5,5,random,CIFAR10,14,prelim_features_cifar10_alexnet_RS_kp50,0.5,0.7961,False,0.5,alexnet,0.5,CIFAR10_alexnet_RS_accuracy_kp5000_seed789,789,20000,14,42,accuracy,100789,0.7961,1,0.5834949228763581,14.36722000874579,10,0.5834949228763581,valid,0.7961582139122851,0.7986953486970345,0.7961,100789
RS,0.8091,5,5,random,CIFAR10,15,prelim_features_cifar10_alexnet_RS_kp50,0.5,0.8053,False,0.5,alexnet,0.5,CIFAR10_alexnet_RS_accuracy_kp5000_seed789,789,20000,15,42,accuracy,100789,0.8053,2,0.5788852365493774,14.232218593358994,10,0.5788852365493774,valid,0.8052267539344615,0.8083440505112272,0.8053000000000001,100789
RS,0.8091,5,5,random,CIFAR10,16,prelim_features_cifar10_alexnet_RS_kp50,0.5,0.7994,False,0.5,alexnet,0.5,CIFAR10_alexnet_RS_accuracy_kp5000_seed789,789,20000,16,42,accuracy,100789,0.7994,3,0.597543345451355,14.356877774000168,10,0.597543345451355,valid,0.7984866762073344,0.802122174153334,0.7994,100789
RS,0.8091,5,5,random,CIFAR10,17,prelim_features_cifar10_alexnet_RS_kp50,0.5,0.8024,False,0.5,alexnet,0.5,CIFAR10_alexnet_RS_accuracy_kp5000_seed789,789,20000,17,42,accuracy,100789,0.8024,2,0.5891284932136536,14.485321653075516,10,0.5891284932136536,valid,0.8027846255128548,0.8083061176703726,0.8023999999999999,100789
RS,0.8091,5,5,random,CIFAR10,18,prelim_features_cifar10_alexnet_RS_kp50,0.5,0.8043,False,0.5,alexnet,0.5,CIFAR10_alexnet_RS_accuracy_kp5000_seed789,789,20000,18,42,accuracy,100789,0.8043,2,0.5876230758190155,14.258965825662017,10,0.5876230758190155,valid,0.8049054372413463,0.8075847553466021,0.8042999999999999,100789
RS,0.8091,5,5,random,CIFAR10,19,prelim_features_cifar10_alexnet_RS_kp50,0.5,0.8018,False,0.5,alexnet,0.5,CIFAR10_alexnet_RS_accuracy_kp5000_seed789,789,20000,19,42,accuracy,100789,0.8018,4,0.6058148031234741,14.316907672211528,10,0.6058148031234741,valid,0.8024332988729356,0.8080126902143778,0.8018000000000001,100789
RS,0.8091,5,5,random,CIFAR10,20,prelim_features_cifar10_alexnet_RS_kp50,0.5,0.8066,False,0.5,alexnet,0.5,CIFAR10_alexnet_RS_accuracy_kp5000_seed789,789,20000,20,42,accuracy,100789,0.8066,3,0.5915219245910645,14.383584092371166,10,0.5915219245910645,valid,0.8080260481258639,0.8154851888788854,0.8066000000000001,100789
RS,0.8091,5,5,random,CIFAR10,21,prelim_features_cifar10_alexnet_RS_kp50,0.5,0.8069,False,0.5,alexnet,0.5,CIFAR10_alexnet_RS_accuracy_kp5000_seed789,789,20000,21,42,accuracy,100789,0.8069,3,0.5756516557693482,14.488922782242298,10,0.5756516557693482,valid,0.8069638397947406,0.8111320630373899,0.8069000000000001,100789
RS,0.8091,5,5,random,CIFAR10,22,prelim_features_cifar10_alexnet_RS_kp50,0.5,0.7988,False,0.5,alexnet,0.5,CIFAR10_alexnet_RS_accuracy_kp5000_seed789,789,20000,22,42,accuracy,100789,0.7988,2,0.5977834411144256,14.232711791992188,10,0.5977834411144256,valid,0.7968610607447897,0.8052120847704044,0.7988,100789
RS,0.8091,5,5,random,CIFAR10,23,prelim_features_cifar10_alexnet_RS_kp50,0.5,0.8019,False,0.5,alexnet,0.5,CIFAR10_alexnet_RS_accuracy_kp5000_seed789,789,20000,23,42,accuracy,100789,0.8019,3,0.5996290852546692,14.316288417205215,10,0.5996290852546692,valid,0.8019196930563129,0.8060528153530152,0.8019000000000001,100789
RS,0.8091,5,5,random,CIFAR10,24,prelim_features_cifar10_alexnet_RS_kp50,0.5,0.8055,False,0.5,alexnet,0.5,CIFAR10_alexnet_RS_accuracy_kp5000_seed789,789,20000,24,42,accuracy,100789,0.8055,2,0.5742332479000092,14.36710968799889,10,0.5742332479000092,valid,0.8057033978976177,0.8080275379908668,0.8055,100789
RS,0.8091,5,5,random,CIFAR10,25,prelim_features_cifar10_alexnet_RS_kp50,0.5,0.8063,False,0.5,alexnet,0.5,CIFAR10_alexnet_RS_accuracy_kp5000_seed789,789,20000,25,42,accuracy,100789,0.8063,4,0.5972614643096924,14.389893134124577,10,0.5972614643096924,valid,0.8059829129197318,0.8089514021047345,0.8063,100789
RS,0.8091,5,5,random,CIFAR10,26,prelim_features_cifar10_alexnet_RS_kp50,0.5,0.7942,False,0.5,alexnet,0.5,CIFAR10_alexnet_RS_accuracy_kp5000_seed789,789,20000,26,42,accuracy,100789,0.7942,1,0.5943496903419495,14.266795139759779,10,0.5943496903419495,valid,0.7953139993239539,0.8007816605433327,0.7942,100789
RS,0.8091,5,5,random,CIFAR10,27,prelim_features_cifar10_alexnet_RS_kp50,0.5,0.8062,False,0.5,alexnet,0.5,CIFAR10_alexnet_RS_accuracy_kp5000_seed789,789,20000,27,42,accuracy,100789,0.8062,2,0.5839680131435394,14.35107288416475,10,0.5839680131435394,valid,0.8052377854314011,0.8078569711913971,0.8061999999999999,100789
RS,0.8091,5,5,random,CIFAR10,28,prelim_features_cifar10_alexnet_RS_kp50,0.5,0.807,False,0.5,alexnet,0.5,CIFAR10_alexnet_RS_accuracy_kp5000_seed789,789,20000,28,42,accuracy,100789,0.807,2,0.563955260515213,14.376833336427808,10,0.563955260515213,valid,0.8075425712502311,0.8094985157976596,0.807,100789
RS,0.8095,29,29,random,CIFAR10,29,prelim_features_cifar10_alexnet_RS_kp50,0.5,0.8095,True,0.5,alexnet,0.5,CIFAR10_alexnet_RS_accuracy_kp5000_seed789,789,20000,29,42,accuracy,100789,0.8095,3,0.5773991042375565,14.372440765611827,10,0.5773991042375565,valid,0.8093998563768465,0.8125314930973454,0.8095000000000001,100789
RS,0.8095,29,29,random,CIFAR10,30,prelim_features_cifar10_alexnet_RS_kp50,0.5,0.7937,False,0.5,alexnet,0.5,CIFAR10_alexnet_RS_accuracy_kp5000_seed789,789,20000,30,42,accuracy,100789,0.7937,1,0.5878101890087127,14.217532590962946,10,0.5878101890087127,valid,0.7919301217896464,0.7951801954546662,0.7937,100789
RS,0.8095,29,29,random,CIFAR10,31,prelim_features_cifar10_alexnet_RS_kp50,0.5,0.7986,False,0.5,alexnet,0.5,CIFAR10_alexnet_RS_accuracy_kp5000_seed789,789,20000,31,42,accuracy,100789,0.7986,2,0.5864222816944122,14.364194648340344,10,0.5864222816944122,valid,0.799507525862887,0.8049233039852327,0.7986,100789
RS,0.8095,29,29,random,CIFAR10,32,prelim_features_cifar10_alexnet_RS_kp50,0.5,0.8053,False,0.5,alexnet,0.5,CIFAR10_alexnet_RS_accuracy_kp5000_seed789,789,20000,32,42,accuracy,100789,0.8053,3,0.5811530744075775,14.426141338422894,10,0.5811530744075775,valid,0.8045752699535715,0.8073721702952298,0.8052999999999999,100789
RS,0.8095,29,29,random,CIFAR10,33,prelim_features_cifar10_alexnet_RS_kp50,0.5,0.7981,False,0.5,alexnet,0.5,CIFAR10_alexnet_RS_accuracy_kp5000_seed789,789,20000,33,42,accuracy,100789,0.7981,2,0.5962208233833313,14.360396407544613,10,0.5962208233833313,valid,0.7967951435466769,0.8028254263277752,0.7981,100789
RS,0.8095,29,29,random,CIFAR10,34,prelim_features_cifar10_alexnet_RS_kp50,0.5,0.7978,False,0.5,alexnet,0.5,CIFAR10_alexnet_RS_accuracy_kp5000_seed789,789,20000,34,42,accuracy,100789,0.7978,3,0.6139005296707153,14.236296465620399,10,0.6139005296707153,valid,0.7981430352747783,0.8080340258499931,0.7978,100789
RS,0.8095,29,29,random,CIFAR10,35,prelim_features_cifar10_alexnet_RS_kp50,0.5,0.799,False,0.5,alexnet,0.5,CIFAR10_alexnet_RS_accuracy_kp5000_seed789,789,20000,35,42,accuracy,100789,0.799,2,0.5866819575309753,14.366132817231119,10,0.5866819575309753,valid,0.8004274748924237,0.8065761892325906,0.7989999999999999,100789
RS,0.8095,29,29,random,CIFAR10,36,prelim_features_cifar10_alexnet_RS_kp50,0.5,0.7998,False,0.5,alexnet,0.5,CIFAR10_alexnet_RS_accuracy_kp5000_seed789,789,20000,36,42,accuracy,100789,0.7998,2,0.5859846186161042,14.416025049984455,10,0.5859846186161042,valid,0.7985256203780778,0.8047720389035616,0.7998,100789
RS,0.8095,29,29,random,CIFAR10,37,prelim_features_cifar10_alexnet_RS_kp50,0.5,0.8012,False,0.5,alexnet,0.5,CIFAR10_alexnet_RS_accuracy_kp5000_seed789,789,20000,37,42,accuracy,100789,0.8012,2,0.5797939908504486,14.32607476040721,10,0.5797939908504486,valid,0.8015052328259138,0.8043591624929307,0.8012,100789
RS,0.8095,29,29,random,CIFAR10,38,prelim_features_cifar10_alexnet_RS_kp50,0.5,0.7896,False,0.5,alexnet,0.5,CIFAR10_alexnet_RS_accuracy_kp5000_seed789,789,20000,38,42,accuracy,100789,0.7896,1,0.599031783914566,14.261709071695805,10,0.599031783914566,valid,0.7889338818003271,0.7946765430924029,0.7896,100789
RS,0.8095,29,29,random,CIFAR10,39,prelim_features_cifar10_alexnet_RS_kp50,0.5,0.8051,False,0.5,alexnet,0.5,CIFAR10_alexnet_RS_accuracy_kp5000_seed789,789,20000,39,42,accuracy,100789,0.8051,3,0.5869732768058776,14.430887051858008,10,0.5869732768058776,valid,0.805065462459391,0.8072749540026305,0.8051,100789
RS,0.8095,29,29,random,CIFAR10,40,prelim_features_cifar10_alexnet_RS_kp50,0.5,0.7957,False,0.5,alexnet,0.5,CIFAR10_alexnet_RS_accuracy_kp5000_seed789,789,20000,40,42,accuracy,100789,0.7957,1,0.587733214521408,14.453434153459966,10,0.587733214521408,valid,0.7957703980727951,0.7975248527409784,0.7957000000000001,100789
RS,0.8095,29,29,random,CIFAR10,41,prelim_features_cifar10_alexnet_RS_kp50,0.5,0.7992,False,0.5,alexnet,0.5,CIFAR10_alexnet_RS_accuracy_kp5000_seed789,789,20000,41,42,accuracy,100789,0.7992,2,0.5871899755001068,14.367253398522735,10,0.5871899755001068,valid,0.7987217916384234,0.803889014161518,0.7992,100789
RS,0.8095,29,29,random,CIFAR10,42,prelim_features_cifar10_alexnet_RS_kp50,0.5,0.8068,False,0.5,alexnet,0.5,CIFAR10_alexnet_RS_accuracy_kp5000_seed789,789,20000,42,42,accuracy,100789,0.8068,2,0.5690904965400696,14.228066647425294,10,0.5690904965400696,valid,0.8063895016953209,0.8084375936162947,0.8068,100789
RS,0.8095,29,29,random,CIFAR10,43,prelim_features_cifar10_alexnet_RS_kp50,0.5,0.8038,False,0.5,alexnet,0.5,CIFAR10_alexnet_RS_accuracy_kp5000_seed789,789,20000,43,42,accuracy,100789,0.8038,2,0.5836708343982696,14.36451406404376,10,0.5836708343982696,valid,0.8017881867928647,0.8043635859681615,0.8038000000000001,100789
RS,0.8095,29,29,random,CIFAR10,44,prelim_features_cifar10_alexnet_RS_kp50,0.5,0.8089,False,0.5,alexnet,0.5,CIFAR10_alexnet_RS_accuracy_kp5000_seed789,789,20000,44,42,accuracy,100789,0.8089,2,0.5748862250804901,14.431736143305898,10,0.5748862250804901,valid,0.8087817930546407,0.8109514401169268,0.8089000000000001,100789
RS,0.8095,29,29,random,CIFAR10,45,prelim_features_cifar10_alexnet_RS_kp50,0.5,0.8032,False,0.5,alexnet,0.5,CIFAR10_alexnet_RS_accuracy_kp5000_seed789,789,20000,45,42,accuracy,100789,0.8032,2,0.5926907169818878,14.36739826016128,10,0.5926907169818878,valid,0.8050321751182811,0.8139279206790686,0.8032,100789
RS,0.8095,29,29,random,CIFAR10,46,prelim_features_cifar10_alexnet_RS_kp50,0.5,0.802,False,0.5,alexnet,0.5,CIFAR10_alexnet_RS_accuracy_kp5000_seed789,789,20000,46,42,accuracy,100789,0.802,3,0.5888509761333466,14.211894158273935,10,0.5888509761333466,valid,0.8023246137002797,0.8067565081915185,0.8020000000000002,100789
RS,0.8095,29,29,random,CIFAR10,47,prelim_features_cifar10_alexnet_RS_kp50,0.5,0.8038,False,0.5,alexnet,0.5,CIFAR10_alexnet_RS_accuracy_kp5000_seed789,789,20000,47,42,accuracy,100789,0.8038,2,0.5866731335163117,14.341331949457526,10,0.5866731335163117,valid,0.8045036523087706,0.8086858134295671,0.8038000000000001,100789
RS,0.8095,29,29,random,CIFAR10,48,prelim_features_cifar10_alexnet_RS_kp50,0.5,0.8016,False,0.5,alexnet,0.5,CIFAR10_alexnet_RS_accuracy_kp5000_seed789,789,20000,48,42,accuracy,100789,0.8016,2,0.5785830334186554,14.439697376452386,10,0.5785830334186554,valid,0.801851643207226,0.8065304516348084,0.8016,100789
RS,0.8095,29,29,random,CIFAR10,49,prelim_features_cifar10_alexnet_RS_kp50,0.5,0.7972,False,0.5,alexnet,0.5,CIFAR10_alexnet_RS_accuracy_kp5000_seed789,789,20000,49,42,accuracy,100789,0.7972,2,0.5943845928192139,14.372248685918748,10,0.5943845928192139,valid,0.7954661550031346,0.8011164176279065,0.7972,100789
RS,0.8095,29,29,random,CIFAR10,50,prelim_features_cifar10_alexnet_RS_kp50,0.5,0.8004,False,0.5,alexnet,0.5,CIFAR10_alexnet_RS_accuracy_kp5000_seed789,789,20000,50,42,accuracy,100789,0.8004,2,0.5943454575538635,14.252716599032283,10,0.5943454575538635,valid,0.7997109519344344,0.8032976472747098,0.8004,100789
RS,0.8095,29,29,random,CIFAR10,51,prelim_features_cifar10_alexnet_RS_kp50,0.5,0.8048,False,0.5,alexnet,0.5,CIFAR10_alexnet_RS_accuracy_kp5000_seed789,789,20000,51,42,accuracy,100789,0.8048,2,0.5742067964553833,14.425180426798761,10,0.5742067964553833,valid,0.8042243481871996,0.8077945326834529,0.8048,100789
RS,0.8095,29,29,random,CIFAR10,52,prelim_features_cifar10_alexnet_RS_kp50,0.5,0.8035,False,0.5,alexnet,0.5,CIFAR10_alexnet_RS_accuracy_kp5000_seed789,789,20000,52,42,accuracy,100789,0.8035,3,0.5832041985988617,14.457365970127285,10,0.5832041985988617,valid,0.8044535069820531,0.8093019417237697,0.8035,100789
RS,0.8095,29,29,random,CIFAR10,53,prelim_features_cifar10_alexnet_RS_kp50,0.5,0.8048,False,0.5,alexnet,0.5,CIFAR10_alexnet_RS_accuracy_kp5000_seed789,789,20000,53,42,accuracy,100789,0.8048,2,0.5661210440635681,14.270181219093502,10,0.5661210440635681,valid,0.8044537528648228,0.8064803585867562,0.8048,100789
RS,0.8095,29,29,random,CIFAR10,54,prelim_features_cifar10_alexnet_RS_kp50,0.5,0.8004,False,0.5,alexnet,0.5,CIFAR10_alexnet_RS_accuracy_kp5000_seed789,789,20000,54,42,accuracy,100789,0.8004,3,0.6000387073040009,14.337217792868614,10,0.6000387073040009,valid,0.7998907621138011,0.8075875282602485,0.8004,100789
RS,0.8095,29,29,random,CIFAR10,55,prelim_features_cifar10_alexnet_RS_kp50,0.5,0.8077,False,0.5,alexnet,0.5,CIFAR10_alexnet_RS_accuracy_kp5000_seed789,789,20000,55,42,accuracy,100789,0.8077,2,0.5839226469993591,14.395300939679146,10,0.5839226469993591,valid,0.8088220661355375,0.813401270864005,0.8077,100789
RS,0.8095,29,29,random,CIFAR10,56,prelim_features_cifar10_alexnet_RS_kp50,0.5,0.7993,False,0.5,alexnet,0.5,CIFAR10_alexnet_RS_accuracy_kp5000_seed789,789,20000,56,42,accuracy,100789,0.7993,2,0.587099497461319,14.49596855044365,10,0.587099497461319,valid,0.7997262591292322,0.8067493457011015,0.7993,100789
RS,0.8095,29,29,random,CIFAR10,57,prelim_features_cifar10_alexnet_RS_kp50,0.5,0.806,False,0.5,alexnet,0.5,CIFAR10_alexnet_RS_accuracy_kp5000_seed789,789,20000,57,42,accuracy,100789,0.806,3,0.5859194255828858,14.253875479102135,10,0.5859194255828858,valid,0.8043430405731403,0.8061376537411652,0.8059999999999998,100789
RS,0.8095,29,29,random,CIFAR10,58,prelim_features_cifar10_alexnet_RS_kp50,0.5,0.7922,False,0.5,alexnet,0.5,CIFAR10_alexnet_RS_accuracy_kp5000_seed789,789,20000,58,42,accuracy,100789,0.7922,2,0.6059568514823913,14.373237797059119,10,0.6059568514823913,valid,0.7912501902427282,0.7981453158143659,0.7922,100789
RS,0.8095,29,29,random,CIFAR10,59,prelim_features_cifar10_alexnet_RS_kp50,0.5,0.8046,False,0.5,alexnet,0.5,CIFAR10_alexnet_RS_accuracy_kp5000_seed789,789,20000,59,42,accuracy,100789,0.8046,2,0.5783366178989411,14.518694300204515,10,0.5783366178989411,valid,0.8032839823542945,0.8049774195463849,0.8046000000000001,100789
RS,0.8095,29,29,random,CIFAR10,60,prelim_features_cifar10_alexnet_RS_kp50,0.5,0.8017,False,0.5,alexnet,0.5,CIFAR10_alexnet_RS_accuracy_kp5000_seed789,789,20000,60,42,accuracy,100789,0.8017,2,0.579145397233963,14.360222750343382,10,0.579145397233963,valid,0.8019066402651056,0.8050446186180048,0.8017,100789
RS,0.8095,29,29,random,CIFAR10,61,prelim_features_cifar10_alexnet_RS_kp50,0.5,0.805,False,0.5,alexnet,0.5,CIFAR10_alexnet_RS_accuracy_kp5000_seed789,789,20000,61,42,accuracy,100789,0.805,2,0.5757382337093353,14.262656423263252,10,0.5757382337093353,valid,0.8053895531287363,0.8089463936910508,0.805,100789
RS,0.8114,62,62,random,CIFAR10,62,prelim_features_cifar10_alexnet_RS_kp50,0.5,0.8114,True,0.5,alexnet,0.5,CIFAR10_alexnet_RS_accuracy_kp5000_seed789,789,20000,62,42,accuracy,100789,0.8114,4,0.5777554934501647,14.474040019325912,10,0.5777554934501647,valid,0.8109349268342745,0.8123056039128619,0.8113999999999999,100789
RS,0.8114,62,62,random,CIFAR10,63,prelim_features_cifar10_alexnet_RS_kp50,0.5,0.7961,False,0.5,alexnet,0.5,CIFAR10_alexnet_RS_accuracy_kp5000_seed789,789,20000,63,42,accuracy,100789,0.7961,2,0.6027571427822113,14.48266866337508,10,0.6027571427822113,valid,0.7957907352039124,0.8000076075419713,0.7961,100789
RS,0.8116,64,64,random,CIFAR10,64,prelim_features_cifar10_alexnet_RS_kp50,0.5,0.8116,True,0.5,alexnet,0.5,CIFAR10_alexnet_RS_accuracy_kp5000_seed789,789,20000,64,42,accuracy,100789,0.8116,3,0.576531511259079,14.279908317141235,10,0.576531511259079,valid,0.8122035652780616,0.8147770493056482,0.8116,100789
RS,0.8116,64,64,random,CIFAR10,65,prelim_features_cifar10_alexnet_RS_kp50,0.5,0.7983,False,0.5,alexnet,0.5,CIFAR10_alexnet_RS_accuracy_kp5000_seed789,789,20000,65,42,accuracy,100789,0.7983,2,0.5791407562732697,14.311286308802664,10,0.5791407562732697,valid,0.7992264316735885,0.803165486755464,0.7983,100789
RS,0.8116,64,64,random,CIFAR10,66,prelim_features_cifar10_alexnet_RS_kp50,0.5,0.8111,False,0.5,alexnet,0.5,CIFAR10_alexnet_RS_accuracy_kp5000_seed789,789,20000,66,42,accuracy,100789,0.8111,4,0.5861159493923187,14.426668184809387,10,0.5861159493923187,valid,0.8109620906447693,0.8124391558023569,0.8111,100789
RS,0.8116,64,64,random,CIFAR10,67,prelim_features_cifar10_alexnet_RS_kp50,0.5,0.8062,False,0.5,alexnet,0.5,CIFAR10_alexnet_RS_accuracy_kp5000_seed789,789,20000,67,42,accuracy,100789,0.8062,3,0.5811342920064926,14.482980408705771,10,0.5811342920064926,valid,0.8062806243314334,0.8079545781160749,0.8061999999999999,100789
RS,0.8116,64,64,random,CIFAR10,68,prelim_features_cifar10_alexnet_RS_kp50,0.5,0.8073,False,0.5,alexnet,0.5,CIFAR10_alexnet_RS_accuracy_kp5000_seed789,789,20000,68,42,accuracy,100789,0.8073,3,0.5859942306756973,14.253289544954896,10,0.5859942306756973,valid,0.8068715295030773,0.811036253954933,0.8073,100789
RS,0.8116,64,64,random,CIFAR10,69,prelim_features_cifar10_alexnet_RS_kp50,0.5,0.7968,False,0.5,alexnet,0.5,CIFAR10_alexnet_RS_accuracy_kp5000_seed789,789,20000,69,42,accuracy,100789,0.7968,2,0.6007761687755585,14.325918194837868,10,0.6007761687755585,valid,0.7959916461585169,0.8014760180135694,0.7968,100789
RS,0.8116,64,64,random,CIFAR10,70,prelim_features_cifar10_alexnet_RS_kp50,0.5,0.8048,False,0.5,alexnet,0.5,CIFAR10_alexnet_RS_accuracy_kp5000_seed789,789,20000,70,42,accuracy,100789,0.8048,3,0.5915399121284485,14.416185478679836,10,0.5915399121284485,valid,0.8057654936956249,0.8117841539936969,0.8048,100789
RS,0.8116,64,64,random,CIFAR10,71,prelim_features_cifar10_alexnet_RS_kp50,0.5,0.8104,False,0.5,alexnet,0.5,CIFAR10_alexnet_RS_accuracy_kp5000_seed789,789,20000,71,42,accuracy,100789,0.8104,3,0.5738402125358582,14.477947682142258,10,0.5738402125358582,valid,0.8108279253235431,0.8126819227301146,0.8104000000000001,100789
RS,0.8116,64,64,random,CIFAR10,72,prelim_features_cifar10_alexnet_RS_kp50,0.5,0.8008,False,0.5,alexnet,0.5,CIFAR10_alexnet_RS_accuracy_kp5000_seed789,789,20000,72,42,accuracy,100789,0.8008,2,0.5840048157215119,14.24607279151678,10,0.5840048157215119,valid,0.8007203607343453,0.8058627282523314,0.8008,100789
RS,0.8116,64,64,random,CIFAR10,73,prelim_features_cifar10_alexnet_RS_kp50,0.5,0.8009,False,0.5,alexnet,0.5,CIFAR10_alexnet_RS_accuracy_kp5000_seed789,789,20000,73,42,accuracy,100789,0.8009,2,0.5898323379516601,14.372476301155984,10,0.5898323379516601,valid,0.799079833590577,0.8029859647326159,0.8009000000000001,100789
RS,0.8116,64,64,random,CIFAR10,74,prelim_features_cifar10_alexnet_RS_kp50,0.5,0.8012,False,0.5,alexnet,0.5,CIFAR10_alexnet_RS_accuracy_kp5000_seed789,789,20000,74,42,accuracy,100789,0.8012,2,0.5848417860507965,14.390869813039899,10,0.5848417860507965,valid,0.8010863998666465,0.8044193863284272,0.8012,100789
RS,0.8116,64,64,random,CIFAR10,75,prelim_features_cifar10_alexnet_RS_kp50,0.5,0.8067,False,0.5,alexnet,0.5,CIFAR10_alexnet_RS_accuracy_kp5000_seed789,789,20000,75,42,accuracy,100789,0.8067,3,0.5836023916959763,14.466818363405764,10,0.5836023916959763,valid,0.8067940847612916,0.8131463867285478,0.8067,100789
RS,0.8116,64,64,random,CIFAR10,76,prelim_features_cifar10_alexnet_RS_kp50,0.5,0.805,False,0.5,alexnet,0.5,CIFAR10_alexnet_RS_accuracy_kp5000_seed789,789,20000,76,42,accuracy,100789,0.805,2,0.5720855221748352,14.224899255670607,10,0.5720855221748352,valid,0.8061789032169303,0.8103577163148327,0.805,100789
RS,0.8116,64,64,random,CIFAR10,77,prelim_features_cifar10_alexnet_RS_kp50,0.5,0.8041,False,0.5,alexnet,0.5,CIFAR10_alexnet_RS_accuracy_kp5000_seed789,789,20000,77,42,accuracy,100789,0.8041,2,0.5773807776927948,14.309055922552943,10,0.5773807776927948,valid,0.8046060950727725,0.8116410637681124,0.8041,100789
RS,0.8116,64,64,random,CIFAR10,78,prelim_features_cifar10_alexnet_RS_kp50,0.5,0.8071,False,0.5,alexnet,0.5,CIFAR10_alexnet_RS_accuracy_kp5000_seed789,789,20000,78,42,accuracy,100789,0.8071,3,0.5790629910945893,14.396164965815842,10,0.5790629910945893,valid,0.8066863121970407,0.8102766399126999,0.8070999999999999,100789
RS,0.8116,64,64,random,CIFAR10,79,prelim_features_cifar10_alexnet_RS_kp50,0.5,0.8063,False,0.5,alexnet,0.5,CIFAR10_alexnet_RS_accuracy_kp5000_seed789,789,20000,79,42,accuracy,100789,0.8063,3,0.5926757083415986,14.502248144708574,10,0.5926757083415986,valid,0.8074565414799129,0.8133133326397862,0.8062999999999999,100789
RS,0.8116,64,64,random,CIFAR10,80,prelim_features_cifar10_alexnet_RS_kp50,0.5,0.8077,False,0.5,alexnet,0.5,CIFAR10_alexnet_RS_accuracy_kp5000_seed789,789,20000,80,42,accuracy,100789,0.8077,4,0.5994787502288819,14.298578696325421,10,0.5994787502288819,valid,0.8084226115244242,0.8131970372724913,0.8077,100789
RS,0.8116,64,64,random,CIFAR10,81,prelim_features_cifar10_alexnet_RS_kp50,0.5,0.8005,False,0.5,alexnet,0.5,CIFAR10_alexnet_RS_accuracy_kp5000_seed789,789,20000,81,42,accuracy,100789,0.8005,3,0.5850340679168701,14.369993574917316,10,0.5850340679168701,valid,0.7999554817935148,0.8027861757453156,0.8005000000000001,100789
RS,0.8116,64,64,random,CIFAR10,82,prelim_features_cifar10_alexnet_RS_kp50,0.5,0.8048,False,0.5,alexnet,0.5,CIFAR10_alexnet_RS_accuracy_kp5000_seed789,789,20000,82,42,accuracy,100789,0.8048,2,0.5772248045444488,14.477573953568935,10,0.5772248045444488,valid,0.8056962552854966,0.8095850527783229,0.8048,100789
RS,0.8116,64,64,random,CIFAR10,83,prelim_features_cifar10_alexnet_RS_kp50,0.5,0.7943,False,0.5,alexnet,0.5,CIFAR10_alexnet_RS_accuracy_kp5000_seed789,789,20000,83,42,accuracy,100789,0.7943,1,0.5897653872013092,14.477529206313193,10,0.5897653872013092,valid,0.7964976956075467,0.8053285154169675,0.7943,100789
RS,0.8116,64,64,random,CIFAR10,84,prelim_features_cifar10_alexnet_RS_kp50,0.5,0.8008,False,0.5,alexnet,0.5,CIFAR10_alexnet_RS_accuracy_kp5000_seed789,789,20000,84,42,accuracy,100789,0.8008,3,0.6075616790294647,14.281545156612992,10,0.6075616790294647,valid,0.7995454119435526,0.8058375533280172,0.8008,100789
RS,0.8116,64,64,random,CIFAR10,85,prelim_features_cifar10_alexnet_RS_kp50,0.5,0.7911,False,0.5,alexnet,0.5,CIFAR10_alexnet_RS_accuracy_kp5000_seed789,789,20000,85,42,accuracy,100789,0.7911,2,0.611805359697342,14.377161594107747,10,0.611805359697342,valid,0.7935958978789831,0.804380514054724,0.7910999999999999,100789
RS,0.8116,64,64,random,CIFAR10,86,prelim_features_cifar10_alexnet_RS_kp50,0.5,0.8011,False,0.5,alexnet,0.5,CIFAR10_alexnet_RS_accuracy_kp5000_seed789,789,20000,86,42,accuracy,100789,0.8011,2,0.5990315388679505,14.457956717349589,10,0.5990315388679505,valid,0.8002915200104932,0.804492158074468,0.8010999999999999,100789
RS,0.8116,64,64,random,CIFAR10,87,prelim_features_cifar10_alexnet_RS_kp50,0.5,0.7949,False,0.5,alexnet,0.5,CIFAR10_alexnet_RS_accuracy_kp5000_seed789,789,20000,87,42,accuracy,100789,0.7949,2,0.5948467655658722,14.404584905132651,10,0.5948467655658722,valid,0.7952600369623155,0.8011255696834653,0.7948999999999999,100789
RS,0.8116,64,64,random,CIFAR10,88,prelim_features_cifar10_alexnet_RS_kp50,0.5,0.8061,False,0.5,alexnet,0.5,CIFAR10_alexnet_RS_accuracy_kp5000_seed789,789,20000,88,42,accuracy,100789,0.8061,2,0.5707821588993073,14.239444544538856,10,0.5707821588993073,valid,0.8062729456034651,0.8081474795291144,0.8061,100789
RS,0.8116,64,64,random,CIFAR10,89,prelim_features_cifar10_alexnet_RS_kp50,0.5,0.8063,False,0.5,alexnet,0.5,CIFAR10_alexnet_RS_accuracy_kp5000_seed789,789,20000,89,42,accuracy,100789,0.8063,3,0.5867616886138916,14.370365595445037,10,0.5867616886138916,valid,0.8055276418680066,0.808234053251271,0.8062999999999999,100789
RS,0.8116,64,64,random,CIFAR10,90,prelim_features_cifar10_alexnet_RS_kp50,0.5,0.8002,False,0.5,alexnet,0.5,CIFAR10_alexnet_RS_accuracy_kp5000_seed789,789,20000,90,42,accuracy,100789,0.8002,2,0.5869027453422546,14.468673660419881,10,0.5869027453422546,valid,0.8006006327800236,0.8064904745565007,0.8002,100789
RS,0.8116,64,64,random,CIFAR10,91,prelim_features_cifar10_alexnet_RS_kp50,0.5,0.8009,False,0.5,alexnet,0.5,CIFAR10_alexnet_RS_accuracy_kp5000_seed789,789,20000,91,42,accuracy,100789,0.8009,2,0.5926536714553833,14.380911857821047,10,0.5926536714553833,valid,0.802534114602832,0.8119881982867561,0.8009000000000001,100789
RS,0.8116,64,64,random,CIFAR10,92,prelim_features_cifar10_alexnet_RS_kp50,0.5,0.8086,False,0.5,alexnet,0.5,CIFAR10_alexnet_RS_accuracy_kp5000_seed789,789,20000,92,42,accuracy,100789,0.8086,4,0.5833308042049408,14.272345268167555,10,0.5833308042049408,valid,0.8074156714618121,0.8106996861918023,0.8086,100789
RS,0.8116,64,64,random,CIFAR10,93,prelim_features_cifar10_alexnet_RS_kp50,0.5,0.8049,False,0.5,alexnet,0.5,CIFAR10_alexnet_RS_accuracy_kp5000_seed789,789,20000,93,42,accuracy,100789,0.8049,2,0.5781075404405593,14.381997315213084,10,0.5781075404405593,valid,0.8052197187178672,0.8101981217452497,0.8049,100789
RS,0.8116,64,64,random,CIFAR10,94,prelim_features_cifar10_alexnet_RS_kp50,0.5,0.7909,False,0.5,alexnet,0.5,CIFAR10_alexnet_RS_accuracy_kp5000_seed789,789,20000,94,42,accuracy,100789,0.7909,2,0.603732972240448,14.522050759755075,10,0.603732972240448,valid,0.7901176172613764,0.797899644337465,0.7908999999999999,100789
RS,0.8116,64,64,random,CIFAR10,95,prelim_features_cifar10_alexnet_RS_kp50,0.5,0.7984,False,0.5,alexnet,0.5,CIFAR10_alexnet_RS_accuracy_kp5000_seed789,789,20000,95,42,accuracy,100789,0.7984,2,0.59139976375103,14.35259317420423,10,0.59139976375103,valid,0.799338495536831,0.8058488053282886,0.7984,100789
RS,0.8116,64,64,random,CIFAR10,96,prelim_features_cifar10_alexnet_RS_kp50,0.5,0.7962,False,0.5,alexnet,0.5,CIFAR10_alexnet_RS_accuracy_kp5000_seed789,789,20000,96,42,accuracy,100789,0.7962,2,0.5951388159751893,14.27666918747127,10,0.5951388159751893,valid,0.7959066320845635,0.8014420657243863,0.7962,100789
RS,0.8116,64,64,random,CIFAR10,97,prelim_features_cifar10_alexnet_RS_kp50,0.5,0.8036,False,0.5,alexnet,0.5,CIFAR10_alexnet_RS_accuracy_kp5000_seed789,789,20000,97,42,accuracy,100789,0.8036,2,0.5758545391559601,14.412002784200013,10,0.5758545391559601,valid,0.8038657278982528,0.8101735638413343,0.8036,100789
RS,0.8116,64,64,random,CIFAR10,98,prelim_features_cifar10_alexnet_RS_kp50,0.5,0.8027,False,0.5,alexnet,0.5,CIFAR10_alexnet_RS_accuracy_kp5000_seed789,789,20000,98,42,accuracy,100789,0.8027,3,0.5980907225608826,14.540008683688939,10,0.5980907225608826,valid,0.8023314448927259,0.8070064380118112,0.8027000000000001,100789
RS,0.8116,64,64,random,CIFAR10,99,prelim_features_cifar10_alexnet_RS_kp50,0.5,0.8088,False,0.5,alexnet,0.5,CIFAR10_alexnet_RS_accuracy_kp5000_seed789,789,20000,99,42,accuracy,100789,0.8088,4,0.5866818792819977,14.241572657600045,10,0.5866818792819977,valid,0.8091467213090129,0.8116239579932575,0.8088,100789
RS,0.8116,64,64,random,CIFAR10,100,prelim_features_cifar10_alexnet_RS_kp50,0.5,0.7907,False,0.5,alexnet,0.5,CIFAR10_alexnet_RS_accuracy_kp5000_seed789,789,20000,100,42,accuracy,100789,0.7907,1,0.6139708926200866,14.330243012867868,10,0.6139708926200866,valid,0.78975594289083,0.795305439132245,0.7907,100789
